subj_idx,stim,rt,response,task,switch,block,correct
20,mt,0.6486935,0,g,F,1,T
20,mh,0.8022439,0,g,F,1,T
20,mt,0.6310625,0,g,F,1,T
20,fh,0.8934968,1,g,F,1,T
20,mh,1.2758993,0,g,F,1,T
20,fh,1.3059352,1,g,F,1,T
20,ft,1.03091,1,g,F,1,T
20,fh,0.8305998,1,g,F,1,T
20,fh,0.9537595,1,g,F,1,T
20,ft,1.1253711,1,g,F,1,T
20,mh,0.8180575,0,g,F,1,T
20,ft,0.9042347,1,g,F,1,T
20,mh,1.002951,0,g,F,1,T
20,ft,1.5155263,1,g,F,1,T
20,fh,1.104254,1,g,F,1,T
20,mt,2.8355759,0,g,F,1,T
20,mt,1.1092855,0,g,F,1,T
20,ft,1.0928406,1,g,F,1,T
20,mt,0.9891745,0,g,F,1,T
20,mh,0.8652908,0,g,F,1,T
20,ft,1.2390346,1,e,F,2,T
20,mt,1.0629425,1,e,F,2,T
20,ft,0.8962159,1,e,F,2,T
20,fh,0.5697654,0,e,F,2,T
20,fh,0.5755925,0,e,F,2,T
20,fh,0.5971309,0,e,F,2,T
20,fh,0.8941715,0,e,F,2,T
20,fh,0.7589,0,e,F,2,T
20,mh,0.7549632,0,e,F,2,T
20,mt,1.3509486,1,e,F,2,T
20,mh,0.813758,0,e,F,2,T
20,mh,0.7425752,0,e,F,2,T
20,mt,1.311884,1,e,F,2,T
20,mt,1.1359881,1,e,F,2,T
20,ft,1.3284095,1,e,F,2,T
20,mt,1.5171374,1,e,F,2,T
20,ft,1.437337,1,e,F,2,T
20,mh,0.8726054,0,e,F,2,T
20,ft,1.513924,1,e,F,2,T
20,mh,0.913748,0,e,F,2,T
20,mt,3.9241192,0,e,F,3,F
20,mt,1.6180338,0,e,F,3,F
20,mh,5.678116,1,e,F,3,F
20,fh,4.0589583,0,g,T,3,F
20,mt,2.9776055,0,g,F,3,T
20,fh,5.1397439,0,g,F,3,F
20,mh,1.8798616,0,g,F,3,T
20,fh,10.8069787,0,e,T,3,T
20,fh,1.3383466,0,e,F,3,T
20,ft,1.7596369,1,e,F,3,T
20,mh,2.1405456,0,e,F,3,T
20,mh,1.4835051,0,e,F,3,T
20,ft,3.732378,0,g,T,3,F
20,mh,5.2215604,0,g,F,3,T
20,mt,1.3632885,0,g,F,3,T
20,ft,4.4363776,1,g,F,3,T
20,mh,3.8148618,0,g,F,3,T
20,mt,1.9984689,0,g,F,3,T
20,mt,1.0723535,0,g,F,3,T
20,fh,1.212409,0,e,T,3,T
20,mt,1.8754305,1,e,F,3,T
20,ft,1.4778342,1,e,F,3,T
20,fh,1.386892,0,e,F,3,T
20,ft,1.4943644,1,e,F,3,T
20,mt,1.4343297,0,g,T,3,T
20,mt,1.2383604,0,g,F,3,T
20,mt,3.6990422,0,g,F,3,T
20,mh,1.8179062,0,g,F,3,T
20,fh,3.4745134,0,e,T,3,T
20,mh,1.8632468,0,e,F,3,T
20,ft,1.6673928,1,e,F,3,T
20,mt,2.0590274,1,e,F,3,T
20,ft,8.9482958,1,g,T,3,T
20,mt,1.4962699,0,g,F,3,T
20,mh,1.4632091,0,g,F,3,T
20,ft,1.7837984,1,g,F,3,T
20,fh,1.8060569,1,g,F,3,T
20,fh,1.7100504,1,g,F,3,T
20,mh,2.3699278,0,e,T,3,T
20,mt,3.6907251,1,e,F,3,T
20,mh,1.585868,0,e,F,3,T
20,ft,5.449069,0,e,F,3,F
20,mt,1.642628,0,g,T,3,T
20,mt,1.2417981,0,g,F,3,T
20,ft,1.9862941,1,g,F,3,T
20,mh,1.2868624,0,g,F,3,T
20,fh,1.5166204,1,g,F,3,T
20,mt,1.5667375,0,g,F,3,T
20,fh,1.545627,0,e,T,3,T
20,mh,1.9801716,0,e,F,3,T
20,mh,1.9057655,0,e,F,3,T
20,mh,1.4013621,0,e,F,3,T
20,ft,2.0558095,1,e,F,3,T
20,ft,1.5971093,1,e,F,3,T
20,mh,1.6699946,0,g,T,3,T
20,ft,1.8936267,1,g,F,4,T
20,mt,3.7734411,0,g,F,4,T
20,fh,1.7631321,1,g,F,4,T
20,fh,1.5285468,1,g,F,4,T
20,mh,1.1509879,0,g,F,4,T
20,fh,1.4521179,1,g,F,4,T
20,mt,2.3384578,1,e,T,4,T
20,mt,1.8672336,1,e,F,4,T
20,ft,1.5619665,1,e,F,4,T
20,mt,2.6121007,1,e,F,4,T
20,fh,2.2037211,1,g,T,4,T
20,ft,1.8621694,1,g,F,4,T
20,ft,1.7533565,1,g,F,4,T
20,fh,3.9961482,1,g,F,4,T
20,mh,1.870751,0,e,T,4,T
20,ft,4.0426049,1,e,F,4,T
20,mt,1.6115623,1,e,F,4,T
20,mt,1.5911894,1,e,F,4,T
20,ft,1.7034965,1,e,F,4,T
20,mh,2.6732081,0,e,F,4,T
20,ft,3.0944818,0,e,F,4,F
20,mh,2.8390312,0,g,T,4,T
20,mt,1.995774,0,g,F,4,T
20,mh,1.2712403,0,g,F,4,T
20,fh,1.8737089,1,g,F,4,T
20,mt,1.5122619,0,e,T,4,F
20,ft,1.7727202,1,e,F,4,T
20,mt,1.796367,1,e,F,4,T
20,fh,1.3809383,0,e,F,4,T
20,mh,1.1976452,0,g,T,4,T
20,mh,1.1124175,0,g,F,4,T
20,ft,1.8346531,1,g,F,4,T
20,mt,1.7720646,0,g,F,4,T
20,mt,1.9941596,0,g,F,4,T
20,fh,1.4963334,1,g,F,4,T
20,mh,1.1725602,0,g,F,4,T
20,ft,1.6753867,1,e,T,4,T
20,mt,1.6272486,1,e,F,4,T
20,fh,1.2748644,0,e,F,4,T
20,fh,1.3670246,0,e,F,4,T
20,mt,1.4926496,0,g,T,4,T
20,fh,1.8524685,1,g,F,4,T
20,mh,1.373747,0,g,F,4,T
20,fh,1.6429789,1,g,F,4,T
20,mt,3.4341818,1,e,T,4,T
20,fh,1.3016036,0,e,F,4,T
20,fh,1.2985941,0,e,F,4,T
20,fh,2.1402486,0,e,F,4,T
20,fh,1.0645613,0,e,F,4,T
20,mt,1.6388759,1,e,F,4,T
20,fh,3.5408215,1,g,T,4,T
20,fh,1.1985375,1,g,F,4,T
20,fh,2.2590931,1,g,F,4,T
20,mt,1.8624601,0,g,F,4,T
20,fh,2.8722105,0,e,T,4,T
20,ft,3.7432103,1,e,F,4,T
20,ft,1.5640751,1,e,F,4,T
20,fh,1.5427187,0,e,F,4,T
20,mt,2.588294,0,e,F,4,F
20,fh,3.0667468,1,g,T,4,T
20,fh,5.1587105,1,g,F,5,T
20,fh,1.6152798,1,g,F,5,T
20,mt,1.2519395,0,g,F,5,T
20,ft,2.1324262,1,e,T,5,T
20,fh,1.4698074,0,e,F,5,T
20,mh,1.6000057,0,e,F,5,T
20,ft,2.228131,1,e,F,5,T
20,mh,2.0627158,0,g,T,5,T
20,mt,1.515981,0,g,F,5,T
20,fh,1.5668108,1,g,F,5,T
20,mh,1.5524739,0,g,F,5,T
20,fh,2.360885,1,g,F,5,T
20,ft,1.6497715,1,g,F,5,T
20,mt,2.352311,0,e,T,5,F
20,fh,5.8549175,0,e,F,5,T
20,mh,3.2186078,0,e,F,5,T
20,mh,1.7732821,0,e,F,5,T
20,mh,1.3958369,0,e,F,5,T
20,fh,3.0435779,1,g,T,5,T
20,ft,3.2231925,1,g,F,5,T
20,mt,1.3677706,0,g,F,5,T
20,fh,3.2441415,1,g,F,5,T
20,mh,2.8206284,0,e,T,5,T
20,mt,4.5118944,1,e,F,5,T
20,mh,1.7988436,0,e,F,5,T
20,fh,1.9536309,0,e,F,5,T
20,mt,2.2129201,1,g,T,5,F
20,fh,1.3055409,0,g,F,5,F
20,mt,2.3120536,1,g,F,5,F
20,fh,1.8786219,1,g,F,5,T
20,mt,1.5375034,0,g,F,5,T
20,mt,1.0779997,0,g,F,5,T
20,ft,2.3904949,1,e,T,5,T
20,mt,1.7475665,0,e,F,5,F
20,mh,2.1294206,0,e,F,5,T
20,mh,1.711166,0,e,F,5,T
20,mh,1.4021008,0,e,F,5,T
20,ft,6.3755524,1,e,F,5,T
20,fh,2.0808863,0,e,F,5,T
20,mh,1.0629267,0,g,T,5,T
20,fh,3.734093,1,g,F,5,T
20,fh,2.5782481,1,g,F,5,T
20,ft,1.5319456,1,g,F,5,T
20,mh,2.928764,0,e,T,5,T
20,ft,3.5283525,1,e,F,5,T
20,ft,2.0799731,1,e,F,5,T
20,fh,1.6816488,0,e,F,5,T
20,mt,1.7182336,0,g,T,5,T
20,fh,1.9156585,1,g,F,5,T
20,mh,2.7727543,0,g,F,5,T
20,mt,1.6282376,0,g,F,5,T
20,ft,2.246762,1,g,F,5,T
20,mh,2.3716566,0,g,F,5,T
20,ft,2.1231602,1,e,T,5,T
20,fh,4.202751,0,e,F,5,T
20,fh,2.9914661,0,e,F,5,T
20,mt,2.7348804,1,e,F,5,T
20,ft,2.366711,1,g,T,5,T
20,mt,1.761597,0,g,F,6,T
20,ft,1.6459459,1,g,F,6,T
20,ft,2.0433725,0,g,F,6,F
20,mh,2.9154301,0,e,T,6,F
20,mh,2.416878,0,e,F,6,T
20,mt,3.8752621,1,e,F,6,T
20,mt,2.532514,1,e,F,6,T
20,ft,2.3329823,1,e,F,6,T
20,mh,1.5728059,0,e,F,6,T
20,ft,1.8010882,0,g,T,6,F
20,ft,3.1329473,0,g,F,6,F
20,fh,1.9606387,1,g,F,6,T
20,mh,2.0606422,0,g,F,6,T
20,mh,1.1594373,0,g,F,6,T
20,ft,2.3608983,0,e,T,6,F
20,mh,1.4589281,0,e,F,6,T
20,fh,1.1778204,0,e,F,6,T
20,fh,1.73503,0,e,F,6,T
20,mh,1.9587281,0,g,T,6,T
20,ft,1.8889479,1,g,F,6,T
20,mt,2.3123337,0,g,F,6,T
20,ft,2.4410914,1,g,F,6,T
20,mt,4.1703003,1,e,T,6,T
20,fh,2.1299402,0,e,F,6,T
20,mt,2.401388,1,e,F,6,T
20,ft,2.9204877,0,e,F,6,F
20,mh,1.3219452,0,e,F,6,T
20,mt,4.3679619,1,e,F,6,T
20,mt,3.6977169,1,e,F,6,T
20,ft,2.1489731,1,g,T,6,T
20,mt,2.2046571,0,g,F,6,T
20,mh,1.0418307,0,g,F,6,T
20,ft,1.9995429,1,g,F,6,T
20,mt,3.4071898,1,e,T,6,T
20,fh,1.8330817,0,e,F,6,T
20,ft,2.8443755,1,e,F,6,T
20,mh,2.1520677,0,e,F,6,T
20,fh,1.511736,0,g,T,6,F
20,mt,2.4163777,0,g,F,6,T
20,fh,1.7751388,1,g,F,6,T
20,mh,1.4645297,0,g,F,6,T
20,fh,2.0193058,1,g,F,6,T
20,fh,1.6892566,1,g,F,6,T
20,fh,1.5395294,1,g,F,6,T
20,mh,1.6654744,0,g,F,6,T
20,fh,3.8584961,0,e,T,6,T
20,fh,2.1882312,0,e,F,6,T
20,ft,1.943112,1,e,F,6,T
20,mt,2.1139446,1,e,F,6,T
20,fh,2.0876018,0,e,F,6,T
20,mh,1.5545707,0,e,F,6,T
20,ft,1.6622321,1,g,T,6,T
20,ft,1.8254751,1,g,F,6,T
20,mh,1.9570184,0,g,F,6,T
20,ft,1.6190213,1,g,F,6,T
20,mh,4.5358158,0,e,T,6,T
20,mh,1.9346497,0,e,F,6,T
20,mt,2.7352428,1,e,F,6,T
20,ft,2.7717723,1,e,F,6,T
20,mt,1.7542723,0,g,T,6,T
20,ft,2.2176632,1,g,F,6,T
20,ft,1.5584384,1,g,F,6,T
20,mt,3.4169537,0,g,F,6,T
20,mt,6.0235439,0,g,F,6,T
20,ft,10.4084074,0,e,T,6,F
20,ft,4.0586853,0,e,F,6,F
20,fh,1.5056781,0,e,F,6,T
21,mh,0.750751,0,g,F,1,T
21,mt,1.1375721,0,g,F,1,T
21,fh,0.8491594,1,g,F,1,T
21,fh,0.8857565,1,g,F,1,T
21,ft,2.2052672,1,g,F,1,T
21,mh,1.0161669,0,g,F,1,T
21,fh,1.6367989,1,g,F,1,T
21,ft,2.467102,1,g,F,1,T
21,mh,1.1805864,0,g,F,1,T
21,ft,1.2035077,1,g,F,1,T
21,mt,1.3021109,0,g,F,1,T
21,ft,1.6228677,1,g,F,1,T
21,mh,1.0488342,0,g,F,1,T
21,fh,0.8952193,1,g,F,1,T
21,mt,0.7763495,0,g,F,1,T
21,fh,1.5066536,1,g,F,1,T
21,ft,0.8940126,1,g,F,1,T
21,mt,1.1294966,0,g,F,1,T
21,mh,0.7007412,0,g,F,1,T
21,mt,0.8770906,0,g,F,1,T
21,mt,0.8582376,1,e,F,2,T
21,mt,2.128671,1,e,F,2,T
21,fh,0.738511,0,e,F,2,T
21,ft,2.0385283,1,e,F,2,T
21,mt,1.5601073,1,e,F,2,T
21,mh,0.7995043,0,e,F,2,T
21,mt,3.2019621,1,e,F,2,T
21,mh,0.7373622,0,e,F,2,T
21,ft,1.7064027,1,e,F,2,T
21,mh,0.9212977,0,e,F,2,T
21,fh,0.9663143,0,e,F,2,T
21,mh,2.1024059,0,e,F,2,T
21,mh,1.0717779,0,e,F,2,T
21,fh,0.7248182,0,e,F,2,T
21,fh,0.9373454,0,e,F,2,T
21,ft,0.9282625,1,e,F,2,T
21,fh,0.88662,0,e,F,2,T
21,mt,2.1260308,1,e,F,2,T
21,ft,3.6023508,1,e,F,2,T
21,ft,0.9926997,1,e,F,2,T
21,mh,1.2951521,0,g,F,3,T
21,fh,1.2253377,1,g,F,3,T
21,mh,2.4316446,1,g,F,3,F
21,ft,3.6694373,1,e,T,3,T
21,ft,1.2655473,0,e,F,3,F
21,fh,3.3083037,0,e,F,3,T
21,mh,1.7291464,0,e,F,3,T
21,ft,1.0008048,1,g,T,3,T
21,ft,4.1344956,1,g,F,3,T
21,fh,3.4371531,1,g,F,3,T
21,mt,1.203414,0,g,F,3,T
21,mh,1.1480141,0,g,F,3,T
21,ft,3.2294638,1,g,F,3,T
21,fh,1.0721111,1,g,F,3,T
21,mh,1.2200448,0,e,T,3,T
21,mh,2.8553614,0,e,F,3,T
21,mt,4.5728517,0,e,F,3,F
21,fh,6.2029458,0,e,F,3,T
21,mh,1.2299173,0,g,T,3,T
21,mt,2.8308091,0,g,F,3,T
21,mh,1.2521246,1,g,F,3,F
21,mt,0.8504793,0,g,F,3,T
21,ft,3.8343744,1,e,T,3,T
21,mh,1.3606166,0,e,F,3,T
21,mt,1.5412631,0,e,F,3,F
21,ft,3.0753039,1,e,F,3,T
21,mh,2.5932701,0,e,F,3,T
21,fh,2.7321083,0,e,F,3,T
21,mh,2.0769783,0,e,F,3,T
21,fh,1.1973303,1,g,T,3,T
21,ft,1.5099976,1,g,F,3,T
21,fh,1.0289864,1,g,F,3,T
21,ft,2.1642872,1,g,F,3,T
21,fh,2.2439708,1,g,F,3,T
21,ft,1.8588721,1,g,F,3,T
21,mt,3.5529186,1,e,T,3,T
21,mt,1.1264707,1,e,F,3,T
21,mh,1.1007871,0,e,F,3,T
21,mt,3.1809792,1,e,F,3,T
21,fh,0.9938319,1,g,T,3,T
21,mt,2.1291001,0,g,F,3,T
21,mt,1.6231633,0,g,F,3,T
21,mh,1.1165037,0,g,F,3,T
21,mt,1.0659035,0,g,F,3,T
21,mh,2.8968534,0,g,F,3,T
21,mh,2.6370778,0,g,F,3,T
21,mt,3.765955,1,g,F,3,F
21,fh,2.7429656,1,e,T,3,F
21,ft,4.2382468,0,e,F,3,F
21,mh,2.1521332,0,e,F,3,T
21,ft,1.5011776,1,e,F,3,T
21,mh,1.8865173,0,g,T,3,T
21,mh,1.3785659,0,g,F,3,T
21,ft,2.3274677,1,g,F,3,T
21,mt,3.2163585,0,g,F,3,T
21,ft,2.488749,1,e,T,3,T
21,ft,3.0311472,1,e,F,4,T
21,mt,1.9995988,1,e,F,4,T
21,fh,3.7596491,0,e,F,4,T
21,fh,1.1230929,0,e,F,4,T
21,mh,1.0187958,0,e,F,4,T
21,ft,1.3126393,1,e,F,4,T
21,fh,1.0174276,0,e,F,4,T
21,mh,1.9019175,0,g,T,4,T
21,ft,2.0413655,1,g,F,4,T
21,mh,0.8428932,0,g,F,4,T
21,mt,1.7138925,0,g,F,4,T
21,fh,2.5405614,0,e,T,4,T
21,fh,1.6883783,0,e,F,4,T
21,mh,2.0456551,0,e,F,4,T
21,ft,1.4809386,1,e,F,4,T
21,mt,1.3945597,0,g,T,4,T
21,ft,3.2626282,1,g,F,4,F
21,ft,2.4800137,1,g,F,4,F
21,fh,1.9455336,1,g,F,4,T
21,ft,2.4571207,0,g,F,4,F
21,mh,2.7922504,0,e,T,4,T
21,mh,1.2009815,0,e,F,4,T
21,mt,3.7970437,1,e,F,4,T
21,fh,2.4750096,0,e,F,4,T
21,fh,1.4152105,0,e,F,4,T
21,mh,1.5092481,0,e,F,4,T
21,ft,2.3060525,1,g,T,4,T
21,fh,0.8937007,1,g,F,4,T
21,fh,1.1996562,1,g,F,4,T
21,fh,1.0078008,1,g,F,4,T
21,mt,3.11337,1,e,T,4,T
21,fh,2.0837545,1,e,F,4,F
21,mh,1.3843186,1,e,F,4,F
21,mt,2.6682184,0,e,F,4,F
21,fh,1.5867975,1,g,T,4,T
21,mt,2.8588913,0,g,F,4,T
21,fh,1.747894,1,g,F,4,T
21,fh,1.0440001,1,g,F,4,T
21,fh,1.0425086,1,g,F,4,T
21,ft,2.3484623,1,g,F,4,T
21,mh,1.8844254,0,e,T,4,F
21,mt,2.6413324,1,e,F,4,T
21,mt,2.1181458,1,e,F,4,T
21,mt,2.2074233,1,e,F,4,T
21,ft,1.2814348,1,g,T,4,T
21,mh,1.1625762,0,g,F,4,T
21,mt,2.0751573,0,g,F,4,T
21,mh,2.0895569,0,g,F,4,T
21,fh,1.9757486,1,e,T,4,F
21,mh,1.0480161,0,e,F,4,T
21,fh,2.0700755,0,e,F,4,T
21,fh,2.4492869,0,e,F,4,T
21,mt,1.4495551,1,e,F,4,T
21,ft,1.1289566,1,e,F,4,T
21,mt,3.70832,0,g,T,4,T
21,mh,2.1776374,0,g,F,4,T
21,mh,1.3510293,0,g,F,4,T
21,mh,1.6690353,0,g,F,4,T
21,fh,1.4493307,1,e,T,4,F
21,ft,2.5276332,1,e,F,5,T
21,mt,1.9825418,1,e,F,5,T
21,mt,4.3892327,1,e,F,5,T
21,fh,1.5057868,1,g,T,5,T
21,ft,2.8014401,1,g,F,5,T
21,mh,1.6252626,0,g,F,5,T
21,mh,1.6649115,0,g,F,5,T
21,mh,1.2345115,0,g,F,5,T
21,mh,1.5551367,0,g,F,5,T
21,fh,2.6446762,0,e,T,5,T
21,fh,1.9320793,0,e,F,5,T
21,ft,1.578604,1,e,F,5,T
21,fh,5.2541883,1,e,F,5,F
21,mt,2.2233527,0,g,T,5,T
21,fh,2.4866261,1,g,F,5,T
21,mt,1.6230515,0,g,F,5,T
21,fh,1.2624557,1,g,F,5,T
21,mt,1.9213209,1,e,T,5,T
21,ft,3.298772,1,e,F,5,T
21,ft,3.3801718,1,e,F,5,T
21,mh,1.8515857,0,e,F,5,T
21,mt,2.2102537,1,e,F,5,T
21,mt,1.4325162,1,e,F,5,T
21,fh,2.9399923,1,e,F,5,F
21,mt,3.2942735,1,e,F,5,T
21,ft,2.7273514,1,g,T,5,T
21,mt,0.9894341,0,g,F,5,T
21,ft,1.0111026,1,g,F,5,T
21,mh,2.1556035,0,g,F,5,T
21,ft,2.3578566,1,e,T,5,T
21,mt,4.0712809,1,e,F,5,T
21,mt,1.5273026,1,e,F,5,T
21,mh,1.1280113,0,e,F,5,T
21,fh,1.7323443,1,g,T,5,T
21,mh,4.2576464,0,g,F,5,T
21,mt,5.0130812,0,g,F,5,T
21,fh,1.6553585,1,g,F,5,T
21,mh,1.2297385,0,g,F,5,T
21,ft,9.8930762,1,g,F,5,T
21,ft,6.4086865,1,g,F,5,T
21,mt,1.4873569,0,g,F,5,T
21,ft,2.1750972,1,g,F,5,T
21,mt,2.3413189,1,e,T,5,T
21,fh,4.6297782,1,e,F,5,F
21,fh,2.518536,1,e,F,5,F
21,fh,2.0034379,0,e,F,5,T
21,mt,2.4122225,0,g,T,5,T
21,ft,2.7784494,1,g,F,5,T
21,fh,1.4149191,1,g,F,5,T
21,ft,2.5255739,1,g,F,5,T
21,mt,2.9752019,1,e,T,5,T
21,mt,7.1405626,0,e,F,5,F
21,fh,2.6298652,1,e,F,5,F
21,ft,5.7136674,1,e,F,5,T
21,ft,4.813689,1,e,F,5,T
21,mh,1.4512975,0,g,T,5,T
21,mt,1.4841738,0,g,F,5,T
21,mh,1.2942132,0,g,F,5,T
21,mh,1.3206711,0,g,F,5,T
21,ft,1.8787929,1,g,F,5,T
21,mh,2.0319122,0,g,F,5,T
21,mt,1.3689029,0,g,F,5,T
21,fh,1.7920129,1,e,T,5,F
21,fh,2.6840701,0,e,F,6,T
21,ft,1.1545546,1,e,F,6,T
21,mh,2.04374,0,e,F,6,T
21,fh,1.1115163,1,g,T,6,T
21,mh,1.5316081,0,g,F,6,T
21,ft,1.799681,1,g,F,6,T
21,mh,1.824522,0,g,F,6,T
21,fh,1.3635283,1,g,F,6,T
21,mh,4.0569254,0,e,T,6,T
21,mt,1.9599406,1,e,F,6,T
21,mt,2.9905367,1,e,F,6,T
21,mh,1.6683063,0,e,F,6,T
21,ft,2.4656938,1,g,T,6,T
21,ft,1.2699152,1,g,F,6,T
21,ft,1.256688,1,g,F,6,T
21,fh,0.7076708,1,g,F,6,T
21,mh,2.5494374,0,e,T,6,T
21,mh,1.7294056,0,e,F,6,T
21,mh,2.6291464,0,e,F,6,T
21,mh,1.8135422,0,e,F,6,T
21,fh,1.793697,0,e,F,6,T
21,mt,1.1407993,1,g,T,6,F
21,mh,1.5144614,0,g,F,6,F
21,ft,1.0642086,1,g,F,6,T
21,fh,2.0143418,0,g,F,6,F
21,mt,2.4465834,1,e,T,6,T
21,mh,2.5080403,0,e,F,6,T
21,fh,1.3017587,0,e,F,6,T
21,mt,1.3292172,1,e,F,6,T
21,ft,1.7898305,1,g,T,6,T
21,mh,1.7693283,0,g,F,6,T
21,ft,1.2025276,1,g,F,6,T
21,fh,1.1932549,1,g,F,6,T
21,ft,1.2835176,1,g,F,6,T
21,mt,1.641318,0,g,F,6,T
21,ft,2.519169,1,e,T,6,T
21,mh,2.4785992,0,e,F,6,T
21,fh,2.4237417,0,e,F,6,T
21,ft,1.7020866,1,e,F,6,T
21,mt,3.3310341,0,g,T,6,T
21,fh,1.2847104,1,g,F,6,T
21,fh,3.0760203,1,g,F,6,T
21,mh,1.4841761,0,g,F,6,T
21,fh,3.0716544,1,g,F,6,T
21,ft,2.3135693,1,g,F,6,T
21,mh,2.453749,0,e,T,6,T
21,mh,1.5429708,0,e,F,6,T
21,ft,1.3001446,1,e,F,6,T
21,mt,1.7972408,1,e,F,6,T
21,ft,1.952267,1,e,F,6,T
21,mh,1.1861193,0,g,T,6,F
21,mt,2.5664974,0,g,F,6,T
21,mh,1.3783913,0,g,F,6,T
21,mh,1.1642792,0,g,F,6,T
21,ft,2.3227311,1,e,T,6,T
21,mh,2.0851494,0,e,F,6,T
21,mt,1.4962737,1,e,F,6,T
21,fh,2.2342387,1,e,F,6,F
21,fh,1.2507817,1,e,F,6,F
21,mh,2.7888102,0,g,T,6,T
21,mh,1.4890671,0,g,F,6,T
21,mh,0.9378773,0,g,F,6,T
24,mt,1.3670385,0,g,F,1,T
24,fh,0.8097357,1,g,F,1,T
24,fh,1.4054374,1,g,F,1,T
24,ft,0.7436971,1,g,F,1,T
24,mt,0.8431108,0,g,F,1,T
24,ft,1.269702,1,g,F,1,T
24,mh,0.9658195,0,g,F,1,T
24,fh,0.7065525,1,g,F,1,T
24,mt,0.9480119,0,g,F,1,T
24,ft,0.750595,1,g,F,1,T
24,fh,0.7546451,1,g,F,1,T
24,fh,0.7036768,1,g,F,1,T
24,mh,0.8775797,0,g,F,1,T
24,mt,0.8342156,0,g,F,1,T
24,mt,0.8495388,0,g,F,1,T
24,mh,0.6412078,0,g,F,1,T
24,mh,0.7797828,0,g,F,1,T
24,mh,0.7093111,0,g,F,1,T
24,ft,0.7663854,1,g,F,1,T
24,ft,0.9805157,0,g,F,1,F
24,ft,2.1940876,1,e,F,2,T
24,mt,3.434541,1,e,F,2,T
24,ft,2.6270097,1,e,F,2,T
24,fh,1.5730968,0,e,F,2,T
24,mt,1.1683364,1,e,F,2,T
24,fh,0.7476596,0,e,F,2,T
24,mh,0.7226253,0,e,F,2,T
24,mt,0.8903364,1,e,F,2,T
24,mh,0.8283333,0,e,F,2,T
24,mh,0.8071937,0,e,F,2,T
24,fh,0.7230727,0,e,F,2,T
24,mt,1.0448213,1,e,F,2,T
24,fh,0.7828067,0,e,F,2,T
24,mh,0.7223985,0,e,F,2,T
24,mt,0.8077375,1,e,F,2,T
24,mh,0.7999556,0,e,F,2,T
24,ft,0.8188914,1,e,F,2,T
24,ft,2.671413,1,e,F,2,T
24,ft,1.6819988,1,e,F,2,T
24,fh,0.6274458,0,e,F,2,T
24,mh,2.4981887,0,e,F,3,T
24,mh,1.1892993,0,e,F,3,T
24,mt,1.7851994,1,e,F,3,T
24,fh,1.1841777,1,g,T,3,T
24,mh,1.1077244,0,g,F,3,T
24,mt,1.6533285,0,g,F,3,T
24,mh,1.2649363,0,g,F,3,T
24,ft,1.7296734,1,e,T,3,T
24,fh,1.7128871,0,e,F,3,T
24,mt,1.6934569,1,e,F,3,T
24,mh,1.6963538,0,e,F,3,T
24,ft,2.1356154,1,e,F,3,T
24,ft,1.4787269,1,e,F,3,T
24,mh,1.1049946,0,e,F,3,T
24,mh,1.030294,0,e,F,3,T
24,fh,1.1728709,1,g,T,3,T
24,ft,0.9123867,1,g,F,3,T
24,ft,2.634368,1,g,F,3,T
24,fh,0.9999777,1,g,F,3,T
24,fh,0.9210105,1,g,F,3,T
24,mt,1.3537803,0,g,F,3,T
24,ft,1.7334371,1,e,T,3,T
24,fh,1.425405,0,e,F,3,T
24,fh,1.3335503,0,e,F,3,T
24,mh,1.5785819,0,e,F,3,T
24,ft,0.961944,1,g,T,3,T
24,ft,1.0930055,1,g,F,3,T
24,ft,0.7771171,1,g,F,3,T
24,fh,0.7775489,1,g,F,3,T
24,mh,1.0117795,0,g,F,3,T
24,mh,0.9065516,0,g,F,3,T
24,mt,0.9441277,0,g,F,3,T
24,fh,1.3156949,0,e,T,3,T
24,mt,0.993302,1,e,F,3,T
24,mt,1.5284409,1,e,F,3,T
24,ft,2.1224168,1,e,F,3,T
24,mh,1.3762311,0,g,T,3,T
24,mt,0.9664313,0,g,F,3,T
24,ft,1.1956742,1,g,F,3,T
24,ft,1.3011912,1,g,F,3,T
24,mt,1.609051,1,e,T,3,T
24,mh,1.3087855,0,e,F,3,T
24,ft,2.0607156,1,e,F,3,T
24,ft,1.6810998,1,e,F,3,T
24,fh,0.930654,0,e,F,3,T
24,fh,1.3520359,0,e,F,3,T
24,fh,0.9131111,0,e,F,3,T
24,mt,1.1370895,1,e,F,3,T
24,mh,1.2376818,0,e,F,3,T
24,ft,1.1286597,1,g,T,3,T
24,ft,1.0077331,1,g,F,3,T
24,mh,1.1792445,0,g,F,3,T
24,mt,1.4513752,0,g,F,3,T
24,mt,1.3853082,0,g,F,3,T
24,mt,1.3972803,0,g,F,3,T
24,mt,0.7968827,0,g,F,3,T
24,ft,0.7511653,1,g,F,3,T
24,fh,2.7875216,0,g,F,3,F
24,mt,2.0668892,1,e,T,3,T
24,mh,0.8831756,0,e,F,3,T
24,fh,0.7245309,0,e,F,3,T
24,mh,1.0251024,0,e,F,3,T
24,fh,1.135994,1,g,T,3,T
24,mh,1.0368319,0,g,F,4,T
24,mh,1.0093739,0,g,F,4,T
24,fh,0.8151837,1,g,F,4,T
24,mh,1.2410915,0,e,T,4,T
24,ft,1.2670693,1,e,F,4,T
24,fh,1.3402094,0,e,F,4,T
24,mt,1.4197846,1,e,F,4,T
24,mh,1.0711477,0,e,F,4,T
24,fh,0.6990185,1,g,T,4,T
24,fh,1.0659388,1,g,F,4,T
24,mt,1.1429412,0,g,F,4,T
24,mt,0.8950102,0,g,F,4,T
24,mh,0.9051522,0,g,F,4,T
24,fh,0.8211677,1,g,F,4,T
24,mt,1.7857549,1,e,T,4,T
24,ft,1.1192336,1,e,F,4,T
24,mt,1.4284881,1,e,F,4,T
24,mt,1.5690825,1,e,F,4,T
24,ft,1.1024058,1,g,T,4,T
24,fh,0.709198,1,g,F,4,T
24,mh,1.599954,0,g,F,4,T
24,mh,0.9230698,0,g,F,4,T
24,ft,1.8731542,1,e,T,4,T
24,fh,1.0357613,0,e,F,4,T
24,ft,1.2906274,1,e,F,4,T
24,mh,1.5817186,0,e,F,4,T
24,ft,1.6133424,1,e,F,4,T
24,ft,1.3434112,1,e,F,4,T
24,mt,1.6184354,0,g,T,4,T
24,ft,0.9994063,1,g,F,4,T
24,mh,0.9113517,0,g,F,4,T
24,mh,1.0722266,0,g,F,4,T
24,fh,2.0394882,0,e,T,4,T
24,fh,1.0902425,0,e,F,4,T
24,mt,1.4315801,1,e,F,4,T
24,fh,0.9440901,0,e,F,4,T
24,mt,0.9081709,0,g,T,4,T
24,ft,1.9720546,1,g,F,4,T
24,fh,0.7805313,1,g,F,4,T
24,ft,2.23467,1,g,F,4,T
24,ft,0.9221605,1,g,F,4,T
24,mh,1.6055436,0,e,T,4,T
24,mh,1.1123012,0,e,F,4,T
24,mh,0.8762788,0,e,F,4,T
24,mt,1.3133955,1,e,F,4,T
24,ft,1.0382066,1,g,T,4,T
24,mt,1.1818597,0,g,F,4,T
24,mt,0.8822867,0,g,F,4,T
24,mt,1.0867305,0,g,F,4,T
24,ft,2.1964279,1,e,T,4,T
24,ft,1.7776462,1,e,F,4,T
24,fh,1.2089637,0,e,F,4,T
24,mt,1.4427027,1,e,F,4,T
24,ft,3.1580538,0,e,F,4,F
24,mh,1.0498866,0,g,T,4,T
24,fh,1.2023489,1,g,F,5,T
24,ft,0.7292478,1,g,F,5,T
24,fh,0.7589135,1,g,F,5,T
24,mh,1.4421174,0,e,T,5,T
24,fh,1.6816766,0,e,F,5,T
24,fh,0.9794543,0,e,F,5,T
24,fh,0.7615346,0,e,F,5,T
24,mt,1.3000602,0,g,T,5,T
24,fh,1.2697805,1,g,F,5,T
24,ft,1.7822423,1,g,F,5,T
24,mh,1.2621536,0,g,F,5,T
24,ft,1.5387928,0,g,F,5,F
24,fh,0.8639319,1,g,F,5,T
24,mh,1.1577326,0,g,F,5,T
24,mt,0.8596029,0,g,F,5,T
24,fh,1.2413197,0,e,T,5,T
24,mh,1.0901034,0,e,F,5,T
24,mt,1.4129955,1,e,F,5,T
24,ft,1.555838,1,e,F,5,T
24,mt,1.5492511,0,g,T,5,T
24,mt,1.1323755,0,g,F,5,T
24,mt,1.404568,0,g,F,5,T
24,fh,1.2948,1,g,F,5,T
24,ft,1.2496462,1,g,F,5,T
24,mt,2.8507239,1,e,T,5,T
24,mh,1.056797,0,e,F,5,T
24,mh,1.2179651,0,e,F,5,T
24,fh,2.0164796,0,e,F,5,T
24,mt,0.8713677,0,g,T,5,T
24,mt,1.091731,0,g,F,5,T
24,mt,1.0385724,0,g,F,5,T
24,mt,1.1968833,0,g,F,5,T
24,fh,1.2946046,0,e,T,5,T
24,fh,1.3870496,0,e,F,5,T
24,ft,1.3991954,1,e,F,5,T
24,fh,1.21483,0,e,F,5,T
24,mt,1.3707658,1,e,F,5,T
24,ft,1.5041341,1,e,F,5,T
24,mh,1.1953931,0,g,T,5,T
24,ft,1.3868521,1,g,F,5,T
24,mt,0.9032576,0,g,F,5,T
24,mh,2.4819743,0,g,F,5,T
24,mh,1.0176242,0,g,F,5,T
24,ft,1.6519401,1,g,F,5,T
24,mh,1.4103212,0,e,T,5,T
24,ft,1.8911447,1,e,F,5,T
24,mh,2.641666,0,e,F,5,T
24,mh,0.876975,0,e,F,5,T
24,ft,1.0556267,1,g,T,5,T
24,mh,0.8032643,0,g,F,5,T
24,fh,0.7684007,1,g,F,5,T
24,mh,1.2922043,1,g,F,5,F
24,fh,1.7743657,0,e,T,5,T
24,mt,1.2683725,1,e,F,5,T
24,mt,1.4352059,1,e,F,5,T
24,mh,0.7712408,0,e,F,5,T
24,mt,1.3445172,1,e,F,5,T
24,ft,1.3203985,1,e,F,5,T
24,fh,1.0171525,0,e,F,5,T
24,mh,1.730375,0,g,T,5,T
24,mt,1.4000463,0,g,F,6,T
24,ft,1.0977257,0,g,F,6,F
24,ft,0.8089834,1,g,F,6,T
24,mt,1.5090343,1,e,T,6,T
24,mh,1.4192569,0,e,F,6,T
24,fh,0.8589256,0,e,F,6,T
24,fh,1.5771176,0,e,F,6,T
24,mh,0.9846122,0,g,T,6,T
24,mt,0.8856563,0,g,F,6,T
24,fh,1.2166514,1,g,F,6,T
24,mh,0.8827749,0,g,F,6,T
24,mt,0.9571136,0,g,F,6,T
24,ft,1.2878535,1,g,F,6,T
24,fh,0.9439595,1,g,F,6,T
24,ft,1.2000216,1,g,F,6,T
24,mh,1.1442389,0,e,T,6,T
24,mh,1.4203964,0,e,F,6,T
24,mt,1.2070922,1,e,F,6,T
24,mt,1.1110204,1,e,F,6,T
24,ft,0.9748524,1,g,T,6,T
24,mt,1.1721833,0,g,F,6,T
24,ft,0.8096874,1,g,F,6,T
24,mt,1.186919,0,g,F,6,T
24,ft,1.5674504,1,e,T,6,T
24,ft,1.5013137,1,e,F,6,T
24,mh,1.0790346,0,e,F,6,T
24,ft,1.2609699,1,e,F,6,T
24,ft,1.3736801,0,e,F,6,F
24,mt,1.3318287,0,g,T,6,T
24,mh,0.987277,0,g,F,6,T
24,ft,0.8487798,1,g,F,6,T
24,mh,1.9464939,0,g,F,6,T
24,fh,1.0984888,0,e,T,6,T
24,fh,1.589724,0,e,F,6,T
24,fh,1.5315282,0,e,F,6,T
24,fh,1.1862179,0,e,F,6,T
24,mh,1.0576738,0,g,T,6,T
24,mh,0.9683635,0,g,F,6,T
24,fh,0.9533864,1,g,F,6,T
24,mt,1.2755684,0,g,F,6,T
24,fh,0.9408627,1,g,F,6,T
24,mh,0.8648754,0,g,F,6,T
24,ft,1.2313605,1,e,T,6,T
24,ft,1.3169495,1,e,F,6,T
24,mt,1.5882683,1,e,F,6,T
24,mt,1.0893715,1,e,F,6,T
24,fh,1.2305742,1,g,T,6,T
24,ft,0.8723357,1,g,F,6,T
24,mh,0.8855271,0,g,F,6,T
24,fh,0.7680675,1,g,F,6,T
24,mh,1.3093991,0,e,T,6,T
24,ft,1.2088539,1,e,F,6,T
24,ft,1.4318279,1,e,F,6,T
24,mt,2.2115476,1,e,F,6,T
24,mt,1.7067522,1,e,F,6,T
24,fh,1.0803121,1,g,T,6,T
24,ft,0.8557581,1,g,F,6,T
24,ft,1.8637854,1,g,F,6,T
24,fh,1.5181678,1,g,F,6,T
24,mt,1.1475389,1,e,T,6,T
24,ft,1.2930088,1,e,F,6,T
24,mh,1.0707482,0,e,F,6,T
25,mh,1.4644078,0,g,F,1,T
25,ft,1.3800185,1,g,F,1,T
25,fh,1.1036981,1,g,F,1,T
25,fh,1.6289503,1,g,F,1,T
25,mt,1.4097238,0,g,F,1,T
25,mh,1.1894569,0,g,F,1,T
25,mh,1.7342815,0,g,F,1,T
25,mh,2.1666034,0,g,F,1,T
25,ft,1.508035,1,g,F,1,T
25,mt,1.2218998,1,g,F,1,F
25,fh,1.0087102,1,g,F,1,T
25,mt,1.1454048,0,g,F,1,T
25,ft,1.3902029,1,g,F,1,T
25,mt,0.9643443,0,g,F,1,T
25,ft,0.8563802,1,g,F,1,T
25,ft,1.2951962,1,g,F,1,T
25,fh,1.3529005,1,g,F,1,T
25,fh,1.1245088,1,g,F,1,T
25,mt,1.3183736,0,g,F,1,T
25,mh,0.9221554,0,g,F,1,T
25,ft,1.3696694,1,e,F,2,T
25,ft,1.2024336,1,e,F,2,T
25,mt,1.2679105,1,e,F,2,T
25,fh,1.5263176,0,e,F,2,T
25,mt,1.5614628,1,e,F,2,T
25,mt,1.717531,1,e,F,2,T
25,ft,1.2015628,1,e,F,2,T
25,mh,1.7171915,0,e,F,2,T
25,ft,1.6915684,1,e,F,2,T
25,mh,1.8954972,0,e,F,2,T
25,fh,0.7442545,0,e,F,2,T
25,mh,0.9107961,0,e,F,2,T
25,mt,0.4035533,0,e,F,2,F
25,fh,0.8495403,0,e,F,2,T
25,mh,0.9321826,0,e,F,2,T
25,fh,1.3983013,0,e,F,2,T
25,ft,1.289121,1,e,F,2,T
25,fh,1.4450853,0,e,F,2,T
25,mt,1.1703119,1,e,F,2,T
25,mh,1.5370634,0,e,F,2,T
25,mh,2.1765475,0,e,F,3,T
25,mh,1.3973441,0,e,F,3,T
25,fh,1.9323974,0,e,F,3,T
25,mh,1.294995,0,e,F,3,T
25,fh,2.370072,1,g,T,3,T
25,mh,1.9745547,0,g,F,3,T
25,fh,1.9979613,1,g,F,3,T
25,mh,4.8822611,0,g,F,3,T
25,fh,1.8731453,0,e,T,3,T
25,ft,4.1010092,1,e,F,3,T
25,ft,1.7795422,1,e,F,3,T
25,ft,2.3373655,1,e,F,3,T
25,mt,1.7757377,1,e,F,3,T
25,fh,1.679598,0,e,F,3,T
25,mh,2.3831778,0,g,T,3,T
25,mt,1.8836045,1,g,F,3,F
25,mh,2.1489198,0,g,F,3,T
25,mt,2.2021228,0,g,F,3,T
25,fh,2.1054512,1,g,F,3,T
25,mh,2.6459901,0,e,T,3,T
25,fh,1.5918737,0,e,F,3,T
25,fh,2.1161543,0,e,F,3,T
25,mt,2.0918003,1,e,F,3,T
25,fh,2.0607901,1,g,T,3,T
25,mt,1.7315294,0,g,F,3,T
25,mh,3.0689816,0,g,F,3,T
25,mt,2.6304243,0,g,F,3,T
25,ft,2.0629064,0,e,T,3,F
25,mh,1.9318558,1,e,F,3,F
25,ft,2.01157,1,e,F,3,T
25,ft,1.5711983,1,e,F,3,T
25,mt,2.2306796,1,e,F,3,T
25,ft,1.63662,1,e,F,3,T
25,mt,2.1452538,0,g,T,3,T
25,mt,1.5230873,0,g,F,3,T
25,mt,1.8281484,0,g,F,3,T
25,fh,2.5469579,1,g,F,3,T
25,fh,1.7045132,1,g,F,3,T
25,fh,1.5684222,1,g,F,3,T
25,mh,2.123378,1,e,T,3,F
25,mh,2.6956885,1,e,F,3,F
25,ft,3.9512823,1,e,F,3,T
25,ft,2.116004,1,e,F,3,T
25,mt,2.1793767,0,g,T,3,T
25,mh,2.0895835,0,g,F,3,T
25,mt,2.2783981,0,g,F,3,T
25,mh,2.4868303,0,g,F,3,T
25,ft,4.6886814,1,e,T,3,T
25,mt,1.3837862,1,e,F,3,T
25,mh,1.5794614,0,e,F,3,T
25,fh,1.3976463,0,e,F,3,T
25,mt,3.0036967,1,e,F,3,T
25,mh,1.1877775,0,e,F,3,T
25,mh,1.2523397,0,e,F,3,T
25,ft,1.9250503,1,g,T,3,T
25,mt,1.8521643,0,g,F,4,T
25,mt,1.2259722,0,g,F,4,T
25,mh,2.5209374,0,g,F,4,T
25,ft,1.6703466,1,e,T,4,T
25,ft,1.3832012,1,e,F,4,T
25,mt,1.7374506,1,e,F,4,T
25,mh,1.0026548,0,e,F,4,T
25,fh,1.7160286,1,g,T,4,T
25,mh,1.711765,0,g,F,4,T
25,mh,1.849373,0,g,F,4,T
25,fh,2.7632669,1,g,F,4,T
25,fh,1.6936539,1,g,F,4,T
25,fh,1.5744103,1,g,F,4,T
25,mt,2.0109968,1,e,T,4,T
25,mh,4.1779169,0,e,F,4,T
25,mt,1.3134785,1,e,F,4,T
25,ft,1.1573786,1,e,F,4,T
25,mh,1.8027179,0,g,T,4,T
25,mh,1.782167,0,g,F,4,T
25,mt,1.630347,0,g,F,4,T
25,ft,1.777571,1,g,F,4,T
25,mt,1.9490327,1,e,T,4,T
25,fh,1.700522,0,e,F,4,T
25,mt,1.6704513,1,e,F,4,T
25,fh,1.9984173,0,e,F,4,T
25,ft,1.7395569,1,e,F,4,T
25,ft,1.8041358,1,e,F,4,T
25,mh,1.6522716,0,e,F,4,T
25,mt,1.5128115,1,e,F,4,T
25,mt,1.5545616,1,e,F,4,T
25,fh,1.6276319,1,g,T,4,T
25,fh,1.5203554,1,g,F,4,T
25,fh,1.1743813,1,g,F,4,T
25,mt,2.0767816,0,g,F,4,T
25,fh,1.6205364,0,e,T,4,T
25,mh,0.9816703,0,e,F,4,T
25,fh,0.78768,0,e,F,4,F
25,mt,1.1267961,1,e,F,4,T
25,ft,0.9534958,0,g,T,4,F
25,mt,1.259827,0,g,F,4,T
25,fh,1.2134909,1,g,F,4,T
25,fh,1.236784,1,g,F,4,T
25,mt,1.3828144,0,g,F,4,T
25,ft,1.5235218,1,e,T,4,T
25,mt,1.4576027,1,e,F,4,T
25,ft,1.6937052,1,e,F,4,T
25,fh,1.3726266,0,e,F,4,T
25,mt,1.2751568,0,g,T,4,T
25,fh,1.6748312,1,g,F,4,T
25,ft,1.2216778,1,g,F,4,T
25,ft,1.3540848,0,g,F,4,F
25,mh,1.8091747,0,e,T,4,T
25,mt,1.481203,1,e,F,4,T
25,mh,1.1968271,0,e,F,4,T
25,fh,2.5112485,0,e,F,4,T
25,mt,1.2212137,1,e,F,4,T
25,mt,0.9488386,1,e,F,4,T
25,mt,1.1692542,1,e,F,4,T
25,ft,1.3642301,1,g,T,4,T
25,mh,1.6472142,0,g,F,5,T
25,mh,0.9814147,0,g,F,5,T
25,mt,1.2631533,0,g,F,5,T
25,fh,1.3198484,0,e,T,5,T
25,mt,1.2606971,1,e,F,5,T
25,mh,1.3020733,0,e,F,5,T
25,ft,1.5562145,1,e,F,5,T
25,mt,1.075761,1,e,F,5,T
25,ft,0.9929214,1,e,F,5,T
25,ft,1.2788923,1,e,F,5,T
25,mt,1.2100058,1,e,F,5,T
25,fh,1.9476332,1,g,T,5,T
25,ft,1.4831248,1,g,F,5,T
25,mh,1.3280109,0,g,F,5,T
25,mt,0.8281387,0,g,F,5,T
25,fh,1.4248344,0,e,T,5,T
25,ft,1.6649994,1,e,F,5,T
25,mt,1.2996042,1,e,F,5,T
25,fh,1.632385,0,e,F,5,T
25,mh,1.3801923,0,g,T,5,T
25,ft,1.6918742,1,g,F,5,T
25,mh,0.8593696,0,g,F,5,T
25,fh,1.2773887,1,g,F,5,T
25,fh,1.1822876,1,g,F,5,T
25,mt,1.2976129,1,e,T,5,T
25,mt,1.4379984,1,e,F,5,T
25,mt,1.0567854,1,e,F,5,T
25,fh,1.3447684,0,e,F,5,T
25,ft,1.2503411,1,e,F,5,T
25,mh,2.0552531,0,g,T,5,T
25,fh,1.7138494,1,g,F,5,T
25,mt,1.7330761,0,g,F,5,T
25,mh,1.5492625,0,g,F,5,T
25,mh,1.0903179,0,g,F,5,T
25,mh,1.8413157,0,g,F,5,T
25,mh,1.2548552,0,g,F,5,T
25,ft,1.8606858,1,e,T,5,T
25,mh,1.5227438,0,e,F,5,T
25,ft,1.3110953,1,e,F,5,T
25,fh,1.8526945,0,e,F,5,T
25,mh,1.2959168,0,g,T,5,T
25,ft,1.4741966,1,g,F,5,T
25,mh,1.7851618,0,g,F,5,T
25,mh,1.9763155,0,g,F,5,T
25,fh,1.2514298,0,e,T,5,T
25,mh,1.5093706,0,e,F,5,T
25,mh,1.0934477,0,e,F,5,T
25,mt,1.4412694,1,e,F,5,T
25,mh,1.1524367,0,e,F,5,T
25,ft,1.6060978,1,e,F,5,T
25,mh,1.5699268,0,e,F,5,T
25,ft,1.5550029,1,g,T,5,T
25,mh,2.0095137,0,g,F,5,T
25,ft,1.427871,1,g,F,5,T
25,ft,1.4355069,1,g,F,5,T
25,mt,3.8567303,1,e,T,5,T
25,fh,1.2293335,1,e,F,5,F
25,fh,1.1377196,0,e,F,5,T
25,fh,1.4830237,0,e,F,5,T
25,fh,1.0389015,0,e,F,5,T
25,fh,1.0483549,0,e,F,5,T
25,mt,1.6249012,0,g,T,5,T
25,ft,1.8416034,1,g,F,6,T
25,ft,1.7671897,1,g,F,6,T
25,ft,1.2827586,1,g,F,6,T
25,mh,1.8983169,0,e,T,6,T
25,fh,2.0662876,0,e,F,6,T
25,mt,0.9744223,0,e,F,6,F
25,fh,1.6986583,0,e,F,6,T
25,mt,2.0127434,0,g,T,6,T
25,mt,1.5073113,0,g,F,6,T
25,ft,1.6301942,1,g,F,6,T
25,fh,1.4804921,1,g,F,6,T
25,mh,1.4246485,0,g,F,6,T
25,mt,1.7142488,0,g,F,6,T
25,ft,1.6544077,0,g,F,6,F
25,mh,1.5921386,0,e,T,6,T
25,ft,2.7255394,1,e,F,6,T
25,mt,2.1763186,1,e,F,6,T
25,ft,1.0630691,1,e,F,6,T
25,mt,1.4251067,0,g,T,6,T
25,mh,1.7107946,0,g,F,6,T
25,mt,1.1313916,0,g,F,6,T
25,ft,1.4818015,1,g,F,6,T
25,fh,1.0333743,1,g,F,6,T
25,mh,1.720508,0,e,T,6,T
25,mh,1.4713807,0,e,F,6,T
25,mh,2.4183574,0,e,F,6,T
25,mh,1.3731527,0,e,F,6,T
25,fh,1.412889,1,g,T,6,T
25,mt,1.5386882,0,g,F,6,T
25,fh,1.6311673,1,g,F,6,T
25,mh,1.2771528,0,g,F,6,T
25,fh,2.6681508,0,e,T,6,T
25,fh,0.9764087,0,e,F,6,T
25,mt,1.6455576,1,e,F,6,T
25,ft,3.5281431,1,e,F,6,T
25,mh,1.3588802,0,e,F,6,T
25,ft,1.5750101,1,e,F,6,T
25,mh,1.4988898,0,g,T,6,T
25,mh,2.0287348,0,g,F,6,T
25,ft,3.3035901,1,g,F,6,T
25,mt,1.5982343,0,g,F,6,T
25,mt,1.3631383,0,g,F,6,T
25,mt,1.2704063,0,g,F,6,T
25,ft,2.1509119,1,e,T,6,T
25,mt,1.0898297,1,e,F,6,T
25,mt,1.7266714,1,e,F,6,T
25,fh,2.817623,0,e,F,6,T
25,mh,1.2097585,0,e,F,6,T
25,ft,2.0001708,1,g,T,6,T
25,mt,1.7185869,1,g,F,6,F
25,mh,1.1509281,0,g,F,6,T
25,fh,1.5092306,1,g,F,6,T
25,mt,1.4577761,1,e,T,6,T
25,mt,1.9109518,1,e,F,6,T
25,mh,1.185394,0,e,F,6,T
25,mt,1.5892292,1,e,F,6,T
25,mt,3.4429695,1,e,F,6,T
25,ft,1.4587911,1,g,T,6,T
25,ft,2.2616033,1,g,F,6,T
25,ft,1.0677757,1,g,F,6,T
25,ft,1.3352995,1,g,F,6,T
25,mt,1.6671942,1,e,T,6,T
25,mh,1.8689327,0,e,F,6,T
25,mt,1.2025365,1,e,F,6,T
26,mt,1.2132679,1,e,F,1,T
26,fh,0.6677099,0,e,F,1,T
26,mt,0.8836794,1,e,F,1,T
26,ft,2.2065622,1,e,F,1,T
26,ft,0.6779776,1,e,F,1,T
26,mt,0.7121261,1,e,F,1,T
26,mh,0.8654381,0,e,F,1,T
26,mh,1.0875952,0,e,F,1,T
26,ft,0.8055796,1,e,F,1,T
26,ft,0.8801565,1,e,F,1,T
26,mt,0.8261966,1,e,F,1,T
26,fh,0.6795805,0,e,F,1,T
26,fh,0.9692896,0,e,F,1,T
26,mh,0.9039203,0,e,F,1,T
26,fh,0.7858596,0,e,F,1,T
26,ft,0.9736561,1,e,F,1,T
26,mh,0.6990285,0,e,F,1,T
26,fh,0.8776485,0,e,F,1,T
26,mh,0.8239183,0,e,F,1,T
26,mt,0.8911692,1,e,F,1,T
26,fh,0.97256,1,g,F,2,T
26,mh,0.9608046,0,g,F,2,T
26,ft,1.0142227,1,g,F,2,T
26,mh,0.5120606,0,g,F,2,T
26,mt,2.6641953,0,g,F,2,T
26,ft,0.8802943,1,g,F,2,T
26,mh,1.4268906,0,g,F,2,T
26,fh,0.7453698,1,g,F,2,T
26,mh,1.5669161,0,g,F,2,T
26,fh,0.8955011,1,g,F,2,T
26,ft,1.0764561,1,g,F,2,T
26,mt,1.1419677,0,g,F,2,T
26,ft,0.8945857,1,g,F,2,T
26,fh,0.9301105,1,g,F,2,T
26,fh,0.9709952,1,g,F,2,T
26,mt,0.6293343,0,g,F,2,T
26,mt,1.3409159,0,g,F,2,T
26,ft,1.4071669,1,g,F,2,T
26,mh,0.9904026,0,g,F,2,T
26,mt,3.3009573,0,g,F,2,T
26,ft,3.0797828,1,e,F,3,T
26,mt,1.9810141,1,e,F,3,T
26,fh,2.2050389,0,e,F,3,T
26,mt,1.6273589,0,g,T,3,T
26,fh,1.2795948,1,g,F,3,T
26,fh,1.9882254,1,g,F,3,T
26,mh,1.749774,0,g,F,3,T
26,fh,1.1228495,0,e,T,3,T
26,mh,1.6639136,0,e,F,3,T
26,mh,2.5778105,0,e,F,3,T
26,mt,4.7587095,1,e,F,3,T
26,mh,2.013896,0,e,F,3,T
26,fh,0.903192,0,e,F,3,T
26,mt,1.6073639,0,g,T,3,T
26,mh,1.9155542,0,g,F,3,T
26,fh,2.1789442,1,g,F,3,T
26,mh,1.9292933,0,g,F,3,T
26,ft,1.1171165,1,e,T,3,T
26,mh,1.6665531,0,e,F,3,T
26,fh,1.793717,0,e,F,3,T
26,ft,1.0328532,1,e,F,3,T
26,ft,2.8952794,1,e,F,3,T
26,ft,1.6758413,1,e,F,3,T
26,fh,2.1109489,0,e,F,3,T
26,mt,1.6565863,0,g,T,3,T
26,mt,0.9797095,0,g,F,3,T
26,mt,0.7986667,0,g,F,3,T
26,ft,2.1405458,1,g,F,3,T
26,mt,3.9268641,1,e,T,3,T
26,mh,1.9184887,0,e,F,3,T
26,mt,1.8087871,1,e,F,3,T
26,fh,1.9405775,0,e,F,3,T
26,fh,1.5118015,0,e,F,3,T
26,mt,1.2017771,1,e,F,3,T
26,fh,1.484012,1,g,T,3,T
26,mt,1.1173571,0,g,F,3,T
26,mh,2.63983,0,g,F,3,T
26,mh,2.2984147,0,g,F,3,T
26,ft,1.7592523,1,g,F,3,T
26,ft,2.5549686,1,g,F,3,T
26,mt,1.8661685,1,e,T,3,T
26,ft,0.989611,1,e,F,3,T
26,mt,1.828089,1,e,F,3,T
26,ft,2.8226003,1,e,F,3,T
26,mh,1.2749799,0,g,T,3,T
26,mt,0.7839958,0,g,F,3,T
26,mt,1.995052,0,g,F,3,T
26,fh,3.4172073,1,g,F,3,T
26,fh,1.8703711,1,g,F,3,T
26,mh,2.1865956,0,g,F,3,T
26,mt,1.4090441,0,g,F,3,T
26,fh,2.1669754,0,e,T,3,T
26,ft,2.7982831,1,e,F,3,T
26,mh,2.1166963,0,e,F,3,T
26,mt,1.7027362,1,e,F,3,T
26,mh,1.3931976,0,e,F,3,T
26,fh,0.9245273,1,g,T,3,T
26,mt,2.2202065,0,g,F,4,T
26,mh,1.4483242,0,g,F,4,T
26,mh,0.8665881,0,g,F,4,T
26,ft,2.2146718,1,e,T,4,T
26,fh,1.7082466,0,e,F,4,T
26,mt,1.6085834,1,e,F,4,T
26,mh,2.2600628,0,e,F,4,T
26,mt,1.575986,1,e,F,4,T
26,mt,1.5032543,1,e,F,4,T
26,fh,1.1071087,1,g,T,4,T
26,mt,0.9429589,0,g,F,4,T
26,ft,1.614585,1,g,F,4,T
26,ft,1.9359559,1,g,F,4,T
26,mh,1.7465317,0,e,T,4,T
26,mt,1.4809499,1,e,F,4,T
26,mh,1.4664468,0,e,F,4,T
26,mh,1.127233,0,e,F,4,T
26,fh,1.610359,0,e,F,4,T
26,mt,1.621766,1,e,F,4,T
26,ft,1.1616434,1,g,T,4,T
26,fh,4.7532005,0,g,F,4,F
26,mh,1.6719725,0,g,F,4,T
26,mt,1.385812,0,g,F,4,T
26,ft,2.2094312,1,e,T,4,T
26,mt,1.1004856,1,e,F,4,T
26,mh,0.7795749,0,e,F,4,T
26,ft,1.5511402,1,e,F,4,T
26,mh,1.7006944,0,g,T,4,T
26,mt,2.4808692,0,g,F,4,T
26,fh,1.8750874,1,g,F,4,T
26,mt,1.6542692,0,g,F,4,T
26,mt,1.4462323,0,g,F,4,T
26,ft,1.5783438,1,e,T,4,T
26,fh,1.8965004,0,e,F,4,T
26,ft,1.5937734,1,e,F,4,T
26,ft,2.2504183,1,e,F,4,T
26,mh,2.1531378,0,e,F,4,T
26,fh,1.8585208,1,g,T,4,T
26,mh,0.9965613,0,g,F,4,T
26,mt,1.5410504,0,g,F,4,T
26,fh,1.3417061,1,g,F,4,T
26,mh,2.1447073,0,e,T,4,T
26,fh,1.8895797,0,e,F,4,T
26,fh,2.2157379,0,e,F,4,T
26,mh,4.562599,0,e,F,4,T
26,fh,1.4628347,1,g,T,4,T
26,mh,2.4809345,0,g,F,4,T
26,fh,2.9443973,1,g,F,4,T
26,mt,0.9993796,0,g,F,4,T
26,fh,3.0251722,1,g,F,4,T
26,mt,3.0590356,1,e,T,4,T
26,fh,1.820331,0,e,F,4,T
26,fh,2.5963596,0,e,F,4,T
26,mt,1.7895944,1,e,F,4,T
26,ft,2.3128779,1,e,F,4,T
26,mt,1.4388159,0,g,T,4,T
26,ft,1.6853869,1,g,F,5,T
26,fh,2.0600638,1,g,F,5,T
26,ft,1.9379297,1,g,F,5,T
26,mt,2.0857214,0,g,F,5,T
26,mh,2.6854103,0,g,F,5,T
26,fh,1.2523216,1,g,F,5,T
26,fh,3.0022674,1,g,F,5,T
26,mh,1.9301276,0,e,T,5,T
26,mt,2.6611265,1,e,F,5,T
26,mt,3.2230809,1,e,F,5,T
26,mh,5.2377606,1,e,F,5,F
26,ft,1.7053174,1,e,F,5,T
26,mh,1.4492899,0,g,T,5,T
26,mh,0.9828011,0,g,F,5,T
26,mt,2.1745072,0,g,F,5,T
26,mh,2.0430661,0,g,F,5,T
26,mt,1.4354673,0,g,F,5,T
26,fh,3.4123202,0,e,T,5,T
26,ft,2.0559391,1,e,F,5,T
26,mt,2.4529534,1,e,F,5,T
26,ft,1.4820451,1,e,F,5,T
26,mt,2.450759,0,g,T,5,T
26,ft,2.8608464,1,g,F,5,T
26,ft,2.5242319,1,g,F,5,T
26,ft,2.4388949,1,g,F,5,T
26,mh,3.6895741,0,e,T,5,T
26,ft,3.4445709,1,e,F,5,T
26,mh,4.8235313,0,e,F,5,T
26,ft,4.1823669,1,e,F,5,T
26,mt,4.1989401,1,e,F,5,T
26,mh,4.3188603,0,e,F,5,T
26,ft,5.0492257,1,g,T,5,T
26,ft,1.6176742,1,g,F,5,T
26,mh,3.8036656,0,g,F,5,T
26,fh,7.3052777,1,g,F,5,T
26,mt,1.3500659,0,g,F,5,T
26,mt,1.2282806,0,g,F,5,T
26,mt,2.2137566,0,g,F,5,T
26,ft,1.5673401,1,e,T,5,T
26,fh,2.884158,0,e,F,5,T
26,fh,5.3275288,0,e,F,5,T
26,mt,2.1250377,1,e,F,5,T
26,mt,3.502419,1,e,F,5,T
26,fh,4.8016322,1,g,T,5,T
26,mh,1.3624162,0,g,F,5,T
26,mh,2.3731077,0,g,F,5,T
26,mt,3.9228862,0,g,F,5,T
26,fh,6.6348247,0,e,T,5,T
26,mh,1.9344365,0,e,F,5,T
26,mh,1.9513499,0,e,F,5,T
26,fh,1.5721072,0,e,F,5,T
26,mh,1.0164575,0,g,T,5,T
26,ft,1.376864,1,g,F,5,T
26,ft,1.5148495,1,g,F,5,T
26,mh,2.0689228,0,g,F,5,T
26,mh,1.2671504,0,g,F,5,T
26,fh,1.5600599,1,g,F,5,T
26,mt,2.4955579,1,e,T,5,T
26,mh,1.7062249,0,e,F,5,T
26,mt,1.978301,1,e,F,5,T
26,mt,3.9907769,1,e,F,5,T
26,ft,2.0077347,1,g,T,5,T
26,mh,1.8115268,0,g,F,6,T
26,ft,1.498162,1,g,F,6,T
26,mh,1.7174209,0,g,F,6,T
26,ft,2.6289601,1,g,F,6,T
26,mh,1.5017897,0,e,T,6,T
26,ft,1.8335163,1,e,F,6,T
26,fh,1.8295501,0,e,F,6,T
26,mt,3.1606071,1,e,F,6,T
26,ft,1.3762551,1,g,T,6,T
26,fh,1.3123383,1,g,F,6,T
26,fh,4.3581691,0,g,F,6,F
26,fh,0.9187293,1,g,F,6,T
26,mh,1.8642785,0,e,T,6,T
26,fh,1.9912694,0,e,F,6,T
26,ft,1.6868144,1,e,F,6,T
26,ft,1.8643949,1,e,F,6,T
26,ft,2.0616346,1,e,F,6,T
26,mt,1.871686,0,g,T,6,T
26,fh,2.8379619,1,g,F,6,T
26,mt,8.6348995,0,g,F,6,T
26,mh,1.0639977,0,g,F,6,T
26,ft,1.7711616,1,e,T,6,T
26,mt,1.4249635,1,e,F,6,T
26,ft,1.5965832,1,e,F,6,T
26,fh,2.6772514,0,e,F,6,T
26,mh,1.8752367,1,e,F,6,F
26,mh,2.1328058,0,e,F,6,T
26,ft,1.4490724,1,g,T,6,T
26,mt,0.9148994,0,g,F,6,T
26,ft,2.4783538,1,g,F,6,T
26,ft,4.0796044,1,g,F,6,T
26,mt,2.5359941,1,e,T,6,T
26,mt,4.3699587,1,e,F,6,T
26,mh,3.8418472,0,e,F,6,T
26,fh,4.5937475,0,e,F,6,T
26,mh,3.1110764,0,g,T,6,T
26,mt,1.9604574,0,g,F,6,T
26,ft,4.427614,1,g,F,6,T
26,mh,1.7429715,0,g,F,6,T
26,mh,5.8285544,0,g,F,6,T
26,mt,10.6289778,0,g,F,6,T
26,fh,9.7013518,1,g,F,6,T
26,fh,0.9651814,1,g,F,6,T
26,fh,1.249178,1,g,F,6,T
26,mt,1.4128029,1,e,T,6,T
26,mt,0.9292074,1,e,F,6,T
26,ft,2.8929998,1,e,F,6,T
26,fh,2.7512505,0,e,F,6,T
26,mh,2.8857038,0,g,T,6,T
26,mh,7.4651817,0,g,F,6,T
26,mh,1.0588657,0,g,F,6,T
26,mh,1.2945971,0,g,F,6,T
26,fh,1.7319833,0,e,T,6,T
26,ft,2.0221813,1,e,F,6,T
26,mt,2.9595861,1,e,F,6,T
26,mt,1.4073997,1,e,F,6,T
26,mh,3.4774866,0,e,F,6,T
26,ft,3.3811279,0,g,T,6,F
26,mt,1.4501195,0,g,F,6,T
26,mt,1.6637249,0,g,F,6,T
26,fh,0.940489,1,g,F,6,T
26,mh,0.9306831,0,g,F,6,T
26,fh,2.2330124,0,e,T,6,T
26,mt,1.4405593,1,e,F,6,T
26,mh,1.7693416,0,e,F,6,T
27,mt,4.0578986,1,e,F,1,T
27,fh,0.8760611,0,e,F,1,T
27,mh,0.866028,0,e,F,1,T
27,ft,2.5924218,1,e,F,1,T
27,mh,1.1687138,0,e,F,1,T
27,mt,1.0158177,1,e,F,1,T
27,mh,1.1759199,0,e,F,1,T
27,ft,6.6580951,1,e,F,1,T
27,ft,2.9316452,1,e,F,1,T
27,fh,1.0355084,0,e,F,1,T
27,mt,1.8145391,1,e,F,1,T
27,fh,0.9254232,0,e,F,1,T
27,ft,13.1406496,0,e,F,1,F
27,mh,0.894384,0,e,F,1,T
27,fh,0.7484011,0,e,F,1,T
27,ft,4.5105271,1,e,F,1,T
27,mt,2.8250837,1,e,F,1,T
27,mh,0.8485518,0,e,F,1,T
27,fh,0.8672216,0,e,F,1,T
27,mt,1.5506031,1,e,F,1,T
27,mh,0.8405837,0,g,F,2,T
27,mh,0.8629366,0,g,F,2,T
27,fh,0.908331,1,g,F,2,T
27,fh,0.8129754,1,g,F,2,T
27,mt,1.1362612,0,g,F,2,T
27,fh,1.2988607,1,g,F,2,T
27,mt,1.4746046,0,g,F,2,T
27,mt,1.0105457,0,g,F,2,T
27,ft,0.944671,1,g,F,2,T
27,ft,0.8518874,1,g,F,2,T
27,ft,0.783797,1,g,F,2,T
27,mt,1.5675428,0,g,F,2,T
27,mh,1.2492789,0,g,F,2,T
27,mh,0.8093405,0,g,F,2,T
27,ft,0.7889989,1,g,F,2,T
27,fh,1.5651889,1,g,F,2,T
27,mt,1.6087773,0,g,F,2,T
27,fh,2.4915954,1,g,F,2,T
27,mh,1.6837303,0,g,F,2,T
27,ft,0.8417526,1,g,F,2,T
27,ft,10.6231303,1,e,F,3,T
27,mt,2.6294113,0,e,F,3,F
27,mh,2.8315054,0,e,F,3,T
27,fh,1.6538024,1,g,T,3,T
27,mt,1.87526,0,g,F,3,T
27,mh,1.4131545,0,g,F,3,T
27,fh,0.8808171,1,g,F,3,T
27,ft,1.3669028,1,g,F,3,T
27,mt,1.8280453,1,e,T,3,T
27,fh,2.2572316,0,e,F,3,T
27,mt,7.063612,0,e,F,3,F
27,fh,1.3596835,1,e,F,3,F
27,mh,2.2235613,0,g,T,3,T
27,mt,2.458918,0,g,F,3,T
27,fh,1.0169448,1,g,F,3,T
27,ft,1.1927836,1,g,F,3,T
27,mt,3.9158536,1,e,T,3,T
27,mh,2.24807,0,e,F,3,T
27,mt,1.2320557,1,e,F,3,T
27,mt,3.8459458,1,e,F,3,T
27,mh,1.1278489,0,e,F,3,T
27,mh,4.4072266,0,e,F,3,T
27,ft,1.8971706,1,g,T,3,T
27,fh,1.3575845,1,g,F,3,T
27,fh,0.8286422,1,g,F,3,T
27,mt,2.1698829,0,g,F,3,T
27,fh,1.7055638,0,e,T,3,T
27,fh,1.4820688,0,e,F,3,T
27,mt,4.89454,0,e,F,3,F
27,fh,1.7877321,0,e,F,3,T
27,mt,3.1221573,0,g,T,3,T
27,fh,9.9744886,1,g,F,3,T
27,mh,1.3933472,0,g,F,3,T
27,mt,1.03636,0,g,F,3,T
27,mt,1.3321807,0,g,F,3,T
27,fh,0.9436778,1,g,F,3,T
27,mh,1.3910518,0,e,T,3,T
27,ft,2.1548468,1,e,F,3,T
27,ft,1.3799768,1,e,F,3,T
27,mt,0.94801,1,e,F,3,T
27,mt,0.8455661,1,e,F,3,T
27,mh,1.2806608,0,e,F,3,T
27,ft,2.4958988,1,g,T,3,T
27,ft,1.7219667,1,g,F,3,T
27,mh,1.3101854,0,g,F,3,T
27,mh,2.2046836,0,g,F,3,T
27,fh,1.8859898,0,e,T,3,T
27,mt,2.2202269,1,e,F,3,T
27,ft,2.8787224,0,e,F,3,F
27,ft,1.1481853,1,e,F,3,T
27,mh,1.3883986,0,g,T,3,T
27,mt,2.4589297,0,g,F,4,T
27,mt,0.8862744,0,g,F,4,T
27,fh,1.0676263,1,g,F,4,T
27,mh,1.1863577,0,g,F,4,T
27,fh,1.3382299,0,e,T,4,T
27,fh,1.1047245,0,e,F,4,T
27,ft,1.2239471,1,e,F,4,T
27,mt,1.1857825,1,e,F,4,T
27,fh,2.2657198,1,g,T,4,T
27,fh,0.9738164,1,g,F,4,T
27,ft,1.0104887,1,g,F,4,T
27,ft,1.0575258,1,g,F,4,T
27,mt,1.5826457,0,g,F,4,T
27,mt,1.0792541,0,g,F,4,T
27,fh,1.3937488,0,e,T,4,T
27,fh,2.1384228,0,e,F,4,T
27,mt,1.6347689,0,e,F,4,F
27,ft,0.9026557,1,e,F,4,T
27,mh,1.5089455,0,g,T,4,T
27,fh,1.9237651,1,g,F,4,T
27,ft,1.4789986,1,g,F,4,T
27,mt,1.1439358,0,g,F,4,T
27,ft,1.677528,1,e,T,4,T
27,fh,1.4870951,0,e,F,4,T
27,ft,3.3221525,1,e,F,4,T
27,fh,1.0626237,0,e,F,4,T
27,mh,0.9924514,0,e,F,4,T
27,mh,1.1232977,0,e,F,4,T
27,fh,1.7178349,1,g,T,4,T
27,mh,1.2149895,0,g,F,4,T
27,mt,1.2623199,0,g,F,4,T
27,mt,1.2408466,0,g,F,4,T
27,ft,1.5122152,1,g,F,4,T
27,mh,0.9465098,0,g,F,4,T
27,ft,1.0258499,1,g,F,4,T
27,mh,1.556879,0,g,F,4,T
27,ft,1.7285509,1,e,T,4,T
27,mh,1.4725684,0,e,F,4,T
27,fh,1.5561326,0,e,F,4,T
27,mt,0.9676848,1,e,F,4,T
27,ft,1.7051597,1,e,F,4,T
27,mt,1.0460094,1,e,F,4,T
27,mt,0.9848911,1,e,F,4,T
27,mt,1.2590756,1,e,F,4,T
27,mt,0.9643909,1,e,F,4,T
27,fh,1.7240146,1,g,T,4,T
27,fh,0.8197704,1,g,F,4,T
27,fh,0.7647003,1,g,F,4,T
27,ft,1.3950896,1,g,F,4,T
27,mh,1.2760111,0,e,T,4,T
27,mt,1.809917,0,e,F,4,F
27,fh,1.2331855,0,e,F,4,T
27,fh,1.1608324,0,e,F,4,T
27,fh,1.3957801,0,e,F,4,T
27,mh,2.4103212,0,g,T,4,T
27,ft,1.2072755,1,g,F,4,T
27,mh,1.4989063,0,g,F,4,T
27,ft,1.04471,1,g,F,4,T
27,mh,1.4119409,0,e,T,4,T
27,fh,0.9479405,0,e,F,4,T
27,ft,1.0678782,1,e,F,4,T
27,mt,1.2562226,1,e,F,4,T
27,ft,1.5620623,1,g,T,4,T
27,mh,2.2801058,0,g,F,5,T
27,mt,1.0350717,0,g,F,5,T
27,mh,1.0429796,0,g,F,5,T
27,ft,1.134998,1,g,F,5,T
27,mh,1.6967458,0,g,F,5,T
27,ft,1.1991504,1,g,F,5,T
27,mt,1.4531438,0,g,F,5,T
27,fh,1.3996993,0,e,T,5,T
27,fh,1.2773907,0,e,F,5,T
27,mh,0.9036195,0,e,F,5,T
27,ft,2.5868332,1,e,F,5,T
27,mt,1.8505242,0,g,T,5,T
27,mt,1.3365362,0,g,F,5,T
27,mt,1.0104899,0,g,F,5,T
27,fh,1.8705409,1,g,F,5,T
27,mh,1.3382693,0,e,T,5,T
27,fh,1.4272847,0,e,F,5,T
27,fh,0.8779791,0,e,F,5,T
27,mt,1.2185756,1,e,F,5,T
27,fh,0.9577029,0,e,F,5,T
27,fh,1.000987,0,e,F,5,T
27,mt,1.5800019,0,g,T,5,T
27,ft,1.428699,1,g,F,5,T
27,mt,1.1629298,0,g,F,5,T
27,mh,1.126884,0,g,F,5,T
27,mh,1.0685409,0,g,F,5,T
27,ft,1.1795655,1,g,F,5,T
27,mh,1.4408699,0,e,T,5,T
27,ft,1.074002,1,e,F,5,T
27,fh,1.1786818,0,e,F,5,T
27,mh,1.1051645,0,e,F,5,T
27,fh,1.3981075,1,g,T,5,T
27,ft,1.9492552,1,g,F,5,T
27,mh,1.1817635,0,g,F,5,T
27,mh,1.2989966,0,g,F,5,T
27,ft,1.8104293,1,e,T,5,T
27,mt,1.4668422,1,e,F,5,T
27,fh,1.4202925,0,e,F,5,T
27,mt,1.1510759,1,e,F,5,T
27,mt,1.727192,1,e,F,5,T
27,ft,1.5891209,1,g,T,5,T
27,ft,1.5057649,1,g,F,5,T
27,mh,1.2161433,0,g,F,5,T
27,mt,1.2376916,0,g,F,5,T
27,ft,1.5825119,1,e,T,5,T
27,mh,1.2430177,0,e,F,5,T
27,mt,1.0571232,1,e,F,5,T
27,ft,1.1536761,1,e,F,5,T
27,mh,1.2496848,0,g,T,5,T
27,mt,1.7180077,0,g,F,5,T
27,mt,0.9486628,0,g,F,5,T
27,mh,1.026081,0,g,F,5,T
27,mh,1.2139737,0,g,F,5,T
27,mt,1.4440907,0,g,F,5,T
27,mt,1.0293779,0,g,F,5,T
27,ft,1.3951161,1,e,T,5,T
27,fh,1.240491,0,e,F,5,T
27,fh,0.967671,0,e,F,5,T
27,mh,0.9962431,0,e,F,5,T
27,ft,1.5039906,1,g,T,5,T
27,ft,1.7364911,1,g,F,6,T
27,ft,1.3693007,1,g,F,6,T
27,mh,1.4687969,0,g,F,6,T
27,fh,1.4656336,0,e,T,6,T
27,ft,1.0536187,1,e,F,6,T
27,mh,1.0416372,0,e,F,6,T
27,ft,1.4964993,1,e,F,6,T
27,ft,1.0918684,1,e,F,6,T
27,mt,1.6028863,0,g,T,6,T
27,ft,3.1208282,1,g,F,6,T
27,mt,1.1219534,0,g,F,6,T
27,fh,1.3601591,1,g,F,6,T
27,fh,1.069529,1,g,F,6,T
27,mt,1.3360086,0,g,F,6,T
27,fh,1.0229665,1,g,F,6,T
27,ft,1.0922521,1,g,F,6,T
27,ft,1.1104839,1,g,F,6,T
27,mt,2.3757727,0,e,T,6,F
27,ft,1.1837971,1,e,F,6,T
27,mh,1.0409832,0,e,F,6,T
27,mt,2.3222488,1,e,F,6,T
27,ft,1.582752,1,g,T,6,T
27,ft,1.1893917,1,g,F,6,T
27,mh,1.3783669,0,g,F,6,T
27,mt,1.4651844,0,g,F,6,T
27,fh,1.3493446,1,g,F,6,T
27,mt,1.5625991,1,e,T,6,T
27,mh,1.5053062,0,e,F,6,T
27,ft,1.4427826,1,e,F,6,T
27,fh,1.4575404,0,e,F,6,T
27,mh,1.7415501,0,g,T,6,T
27,ft,4.046662,1,g,F,6,T
27,mh,1.7009718,0,g,F,6,T
27,fh,2.3150392,1,g,F,6,T
27,mt,3.1535998,1,e,T,6,T
27,mt,1.17162,1,e,F,6,T
27,ft,2.9491934,1,e,F,6,T
27,fh,1.2292982,0,e,F,6,T
27,ft,2.9809297,1,e,F,6,T
27,mt,1.3382902,0,g,T,6,T
27,mt,1.2800504,0,g,F,6,T
27,mt,1.1017141,0,g,F,6,T
27,mt,1.1719103,0,g,F,6,T
27,fh,1.4746495,1,g,F,6,T
27,mt,1.4675188,0,g,F,6,T
27,mh,1.6984899,0,g,F,6,T
27,ft,1.8713207,1,e,T,6,T
27,mh,1.2080724,0,e,F,6,T
27,fh,1.1799454,0,e,F,6,T
27,fh,0.9683058,0,e,F,6,T
27,mt,1.2973836,0,g,T,6,T
27,ft,1.7632825,1,g,F,6,T
27,mt,1.1360992,0,g,F,6,T
27,fh,1.0926105,1,g,F,6,T
27,mt,2.2263962,1,e,T,6,T
27,ft,1.2959819,1,e,F,6,T
27,mt,1.8626333,1,e,F,6,T
27,mt,1.1039705,1,e,F,6,T
27,mt,1.1386692,1,e,F,6,T
27,fh,1.3911884,0,g,T,6,F
27,mh,1.3843711,0,g,F,6,T
27,mt,1.2953475,0,g,F,6,T
27,fh,0.8708132,1,g,F,6,T
27,mh,1.4880784,0,e,T,6,T
27,mt,1.4780322,1,e,F,6,T
27,fh,1.5564666,0,e,F,6,T
29,mt,1.0959236,0,g,F,1,T
29,fh,0.6731137,1,g,F,1,T
29,mh,0.681663,0,g,F,1,T
29,ft,0.6054595,1,g,F,1,T
29,fh,0.9794796,1,g,F,1,T
29,mh,0.7322042,0,g,F,1,T
29,fh,0.6774418,1,g,F,1,T
29,ft,1.1603963,1,g,F,1,T
29,ft,0.9376905,1,g,F,1,T
29,mt,0.8019772,0,g,F,1,T
29,mt,0.7777815,0,g,F,1,T
29,ft,0.7982917,1,g,F,1,T
29,fh,0.8807842,1,g,F,1,T
29,mh,0.8415498,0,g,F,1,T
29,fh,0.9103249,1,g,F,1,T
29,mt,0.7064645,0,g,F,1,T
29,mh,0.8077995,0,g,F,1,T
29,mt,0.6750379,0,g,F,1,T
29,ft,0.8612792,1,g,F,1,T
29,mh,0.7744525,0,g,F,1,T
29,mh,0.773685,0,e,F,2,T
29,mt,0.6559534,1,e,F,2,T
29,ft,0.8392546,1,e,F,2,T
29,ft,0.669716,1,e,F,2,T
29,mh,0.5070156,0,e,F,2,T
29,fh,0.5084569,0,e,F,2,T
29,ft,0.8625122,1,e,F,2,T
29,mt,0.5556464,1,e,F,2,T
29,fh,0.7018311,0,e,F,2,T
29,fh,0.7054481,0,e,F,2,T
29,fh,0.6005192,0,e,F,2,T
29,mt,0.7765511,1,e,F,2,T
29,mh,0.9469195,0,e,F,2,T
29,mh,0.7989577,0,e,F,2,T
29,mt,0.6588433,1,e,F,2,T
29,mh,0.9031769,0,e,F,2,T
29,ft,0.7930754,1,e,F,2,T
29,mt,1.0775396,1,e,F,2,T
29,fh,0.7860649,0,e,F,2,T
29,ft,0.8898072,1,e,F,2,T
29,mh,2.085076,1,g,F,3,F
29,mt,1.2765557,0,g,F,3,T
29,mt,1.050821,0,g,F,3,T
29,ft,1.067499,1,e,T,3,T
29,fh,0.8900126,0,e,F,3,T
29,fh,1.7338067,0,e,F,3,T
29,fh,1.0312896,0,e,F,3,T
29,mt,1.9677747,0,g,T,3,T
29,mh,0.9465016,0,g,F,3,T
29,mh,1.4715617,0,g,F,3,T
29,mt,1.6030846,0,g,F,3,T
29,mt,1.1351444,0,g,F,3,T
29,mh,0.9193249,0,g,F,3,T
29,ft,1.0581355,1,g,F,3,T
29,mt,1.5862933,1,e,T,3,T
29,mt,1.1434331,1,e,F,3,T
29,fh,1.1279904,0,e,F,3,T
29,mt,1.0239111,1,e,F,3,T
29,fh,1.5387031,1,g,T,3,T
29,mh,0.863947,0,g,F,3,T
29,fh,1.3357851,1,g,F,3,T
29,mh,1.188664,0,g,F,3,T
29,fh,1.6606749,0,e,T,3,T
29,ft,1.026207,1,e,F,3,T
29,mh,1.7123067,0,e,F,3,T
29,ft,0.8786623,1,e,F,3,T
29,ft,1.0883453,1,e,F,3,T
29,mt,1.5787594,0,g,T,3,T
29,mh,1.0488337,0,g,F,3,T
29,ft,1.4833229,1,g,F,3,T
29,ft,1.3008784,1,g,F,3,T
29,mh,1.7334486,0,e,T,3,T
29,ft,1.7124066,1,e,F,3,T
29,mt,1.6625125,1,e,F,3,T
29,mh,1.3108008,0,e,F,3,T
29,ft,1.2047878,1,e,F,3,T
29,mh,1.1596423,0,g,T,3,T
29,mh,1.6819159,0,g,F,3,T
29,mh,1.0085976,0,g,F,3,T
29,mt,1.1912015,0,g,F,3,T
29,fh,1.4307514,0,e,T,3,T
29,ft,1.9371364,1,e,F,3,T
29,fh,1.4073202,0,e,F,3,T
29,ft,0.9386287,1,e,F,3,T
29,mh,1.0864799,0,g,T,3,T
29,mh,0.8574096,0,g,F,3,T
29,mh,0.9709632,0,g,F,3,T
29,fh,1.1943288,0,g,F,3,F
29,mh,0.958949,0,g,F,3,T
29,mh,0.9520062,0,g,F,3,T
29,ft,1.0144275,1,g,F,3,T
29,fh,1.6119316,1,g,F,3,T
29,mh,1.4951397,0,e,T,3,T
29,mt,1.8583387,1,e,F,4,T
29,mh,0.9077473,0,e,F,4,T
29,mt,0.8547653,1,e,F,4,T
29,fh,0.8481124,1,g,T,4,T
29,mh,0.8417549,0,g,F,4,T
29,mt,1.3293097,0,g,F,4,T
29,ft,1.1432793,1,g,F,4,T
29,mh,1.8894579,0,e,T,4,T
29,ft,0.8900864,1,e,F,4,T
29,mt,1.2069421,1,e,F,4,T
29,mh,1.0531635,0,e,F,4,T
29,mh,0.9829246,1,e,F,4,F
29,mh,1.0299001,0,e,F,4,T
29,mt,0.9063272,1,e,F,4,T
29,mt,1.1244691,1,e,F,4,T
29,ft,1.2473697,1,g,T,4,T
29,fh,0.8414691,1,g,F,4,T
29,mh,0.9518772,0,g,F,4,T
29,fh,0.7258544,1,g,F,4,T
29,mt,1.4494027,1,e,T,4,T
29,mt,1.0821814,1,e,F,4,T
29,mt,0.8277527,1,e,F,4,T
29,ft,0.9664011,1,e,F,4,T
29,mt,0.9229911,0,g,T,4,T
29,mt,1.06359,0,g,F,4,T
29,fh,0.78122,1,g,F,4,T
29,mh,0.7053546,0,g,F,4,T
29,mh,0.7217234,0,g,F,4,T
29,mt,0.644226,0,g,F,4,T
29,fh,1.2715814,0,e,T,4,T
29,ft,1.6191077,1,e,F,4,T
29,fh,1.0721941,0,e,F,4,T
29,mt,0.9057218,1,e,F,4,T
29,ft,1.1233034,1,g,T,4,T
29,mt,0.755531,0,g,F,4,T
29,mh,0.9588892,0,g,F,4,T
29,ft,0.8582714,1,g,F,4,T
29,mt,0.9867403,1,e,T,4,T
29,mt,1.0481293,1,e,F,4,T
29,mt,0.7948787,1,e,F,4,T
29,fh,1.0136877,0,e,F,4,T
29,fh,1.0522442,0,e,F,4,T
29,mh,1.1032887,0,e,F,4,T
29,mh,1.0309371,0,e,F,4,T
29,fh,0.8372428,0,e,F,4,T
29,mh,1.3265461,0,g,T,4,T
29,ft,0.8555111,1,g,F,4,T
29,mh,1.4209561,0,g,F,4,T
29,mh,0.9622038,0,g,F,4,T
29,fh,1.0818858,1,g,F,4,T
29,mt,1.3281086,1,e,T,4,T
29,mh,1.0141147,0,e,F,4,T
29,mh,0.9624064,0,e,F,4,T
29,mt,0.9721017,1,e,F,4,T
29,mh,1.0201547,0,e,F,4,T
29,ft,1.104501,1,g,T,4,T
29,mt,0.9429519,0,g,F,4,T
29,mt,0.9301056,0,g,F,4,T
29,fh,0.778578,1,g,F,4,T
29,mh,1.3028486,0,e,T,4,T
29,mh,1.6026107,0,e,F,5,T
29,mt,1.3354055,1,e,F,5,T
29,fh,1.0724054,0,e,F,5,T
29,mh,1.3254745,0,g,T,5,T
29,fh,0.9016322,1,g,F,5,T
29,ft,0.9215001,1,g,F,5,T
29,mh,0.9163964,0,g,F,5,T
29,mt,0.881806,0,g,F,5,T
29,mh,0.8704205,0,g,F,5,T
29,mh,0.9014266,0,g,F,5,T
29,fh,1.3491001,0,e,T,5,T
29,ft,0.9960068,1,e,F,5,T
29,ft,0.9324968,1,e,F,5,T
29,fh,1.3211584,0,e,F,5,T
29,fh,1.0005081,0,e,F,5,T
29,mt,0.905295,1,e,F,5,T
29,mh,1.3014744,0,e,F,5,T
29,ft,1.3437677,1,g,T,5,T
29,mt,1.0298657,0,g,F,5,T
29,ft,0.9912009,1,g,F,5,T
29,mh,0.8442296,0,g,F,5,T
29,ft,0.9202727,0,e,T,5,F
29,mt,1.3476489,1,e,F,5,T
29,mt,1.0615934,1,e,F,5,T
29,mh,1.4606115,0,e,F,5,T
29,ft,1.5916083,1,g,T,5,T
29,fh,0.8754757,1,g,F,5,T
29,mh,0.8156238,0,g,F,5,T
29,fh,0.8444341,1,g,F,5,T
29,fh,1.0003367,1,g,F,5,T
29,mt,1.6045297,0,g,F,5,T
29,fh,0.8389036,0,e,T,5,T
29,mt,0.7964071,1,e,F,5,T
29,mt,1.1441131,1,e,F,5,T
29,mh,0.9604103,0,e,F,5,T
29,fh,1.6902261,1,g,T,5,T
29,ft,0.9026981,1,g,F,5,T
29,fh,0.8554129,1,g,F,5,T
29,ft,1.0123109,1,g,F,5,T
29,mt,1.4847868,1,e,T,5,T
29,ft,1.0524149,1,e,F,5,T
29,mh,0.9052187,0,e,F,5,T
29,mt,1.0444726,1,e,F,5,T
29,mt,0.9948835,1,e,F,5,T
29,fh,0.968695,0,e,F,5,T
29,mt,0.7700143,1,e,F,5,T
29,ft,1.1127033,1,g,T,5,T
29,mh,1.2305075,0,g,F,5,T
29,mt,1.1636076,0,g,F,5,T
29,ft,0.9676113,1,g,F,5,T
29,ft,0.819218,1,g,F,5,T
29,fh,0.8370005,1,g,F,5,T
29,mt,1.0060207,1,e,T,5,T
29,mh,0.8781448,0,e,F,5,T
29,fh,0.9465613,0,e,F,5,T
29,fh,0.9312936,0,e,F,5,T
29,mt,1.1754074,0,g,T,5,T
29,ft,1.3207944,1,g,F,5,T
29,ft,1.151535,1,g,F,5,T
29,ft,1.0145431,1,g,F,5,T
29,fh,0.9296643,1,g,F,5,T
29,mt,0.964697,0,g,F,5,T
29,ft,1.4591727,1,e,T,5,T
29,fh,1.4646817,0,e,F,6,T
29,ft,0.854129,1,e,F,6,T
29,mh,0.8986108,0,e,F,6,T
29,fh,0.787856,1,g,T,6,T
29,mt,0.7232934,0,g,F,6,T
29,fh,1.0002723,1,g,F,6,T
29,fh,0.8562094,1,g,F,6,T
29,mt,0.8608121,0,g,F,6,T
29,ft,1.0592455,0,e,T,6,F
29,fh,1.5882325,0,e,F,6,T
29,mt,0.9872057,1,e,F,6,T
29,fh,1.1726834,0,e,F,6,T
29,mh,0.832996,0,g,T,6,T
29,mh,0.912844,0,g,F,6,T
29,ft,1.2726697,0,g,F,6,F
29,mh,0.8598303,0,g,F,6,T
29,fh,0.8887724,0,e,T,6,T
29,ft,0.9767205,1,e,F,6,T
29,fh,1.2084722,0,e,F,6,T
29,fh,1.3288859,0,e,F,6,T
29,mh,1.4543446,0,e,F,6,T
29,fh,0.8492173,0,e,F,6,T
29,fh,0.9390418,0,e,F,6,T
29,mh,0.9775587,0,e,F,6,T
29,mt,0.9731094,1,e,F,6,T
29,fh,0.922844,1,g,T,6,T
29,mh,0.9165455,0,g,F,6,T
29,ft,1.2911109,1,g,F,6,T
29,ft,0.8670936,1,g,F,6,T
29,mh,1.5770871,0,e,T,6,T
29,fh,0.9339064,0,e,F,6,T
29,mt,1.3917858,1,e,F,6,T
29,ft,1.266722,1,e,F,6,T
29,mt,1.3368689,0,g,T,6,T
29,ft,0.980378,1,g,F,6,T
29,ft,1.034772,1,g,F,6,T
29,fh,0.9538939,1,g,F,6,T
29,fh,0.8142106,1,g,F,6,T
29,mh,1.6553222,0,e,T,6,T
29,mh,0.8811484,0,e,F,6,T
29,fh,0.7859734,0,e,F,6,T
29,ft,0.8755775,1,e,F,6,T
29,mh,1.3638994,0,g,T,6,T
29,mt,1.2093175,0,g,F,6,T
29,mh,0.9680924,0,g,F,6,T
29,mh,0.7057521,0,g,F,6,T
29,ft,1.7214774,1,e,T,6,T
29,fh,0.8658829,0,e,F,6,T
29,mh,1.0101198,0,e,F,6,T
29,mt,0.7380813,1,e,F,6,T
29,mh,0.9128293,0,e,F,6,T
29,fh,0.5593256,1,g,T,6,T
29,ft,0.8796073,1,g,F,6,T
29,mt,1.8986335,1,g,F,6,F
29,mh,0.9282797,0,g,F,6,T
29,ft,1.5575653,1,e,T,6,T
29,fh,1.3624423,0,e,F,6,T
29,fh,1.0496761,0,e,F,6,T
29,fh,0.7499133,0,e,F,6,T
29,mt,1.1896671,0,g,T,6,T
29,ft,0.8683505,1,g,F,6,T
29,fh,0.9245164,1,g,F,6,T
29,mh,0.9123418,0,g,F,6,T
29,mh,0.7596942,0,g,F,6,T
31,fh,2.302133,1,g,F,1,T
31,ft,1.0775137,1,g,F,1,T
31,mh,0.9189085,0,g,F,1,T
31,fh,1.0075394,1,g,F,1,T
31,ft,0.9322104,1,g,F,1,T
31,mt,1.3227535,0,g,F,1,T
31,fh,0.9609974,1,g,F,1,T
31,ft,0.947965,1,g,F,1,T
31,mt,0.9767367,0,g,F,1,T
31,ft,0.9976871,1,g,F,1,T
31,mt,0.9400374,0,g,F,1,T
31,mh,1.4228551,0,g,F,1,T
31,fh,0.9554318,1,g,F,1,T
31,mh,1.311285,0,g,F,1,T
31,mt,0.8976673,0,g,F,1,T
31,mh,0.8831438,0,g,F,1,T
31,fh,1.0366802,1,g,F,1,T
31,ft,1.5217681,1,g,F,1,T
31,mh,1.5236402,0,g,F,1,T
31,mt,1.0248462,0,g,F,1,T
31,mt,1.5714893,1,e,F,2,T
31,fh,1.2223279,0,e,F,2,T
31,fh,0.8512645,0,e,F,2,T
31,mt,0.873599,1,e,F,2,T
31,fh,0.8779487,0,e,F,2,T
31,ft,1.1698723,1,e,F,2,T
31,mt,0.8386183,0,e,F,2,F
31,ft,1.8702568,1,e,F,2,T
31,mh,1.2610393,0,e,F,2,T
31,mt,0.9387306,1,e,F,2,T
31,mh,1.2927167,0,e,F,2,T
31,ft,1.2661327,1,e,F,2,T
31,fh,0.910554,0,e,F,2,T
31,mh,0.8498225,0,e,F,2,T
31,mh,1.0708706,0,e,F,2,T
31,mt,0.8240049,1,e,F,2,T
31,fh,1.3027175,0,e,F,2,T
31,mh,1.0785683,0,e,F,2,T
31,ft,0.8200423,1,e,F,2,T
31,ft,0.8788896,1,e,F,2,T
31,mt,2.6717069,0,e,F,3,F
31,fh,4.335766,0,e,F,3,T
31,mh,3.0514296,1,e,F,3,F
31,mt,1.6113568,1,e,F,3,T
31,ft,1.9031946,1,g,T,3,T
31,ft,2.0608456,1,g,F,3,T
31,mh,1.2010481,0,g,F,3,T
31,fh,1.5177533,1,g,F,3,T
31,mh,1.9720165,0,e,T,3,T
31,mt,0.9965732,1,e,F,3,T
31,ft,2.8233036,1,e,F,3,T
31,mt,1.5836772,1,e,F,3,T
31,fh,1.0318262,0,e,F,3,T
31,mt,1.6863485,0,g,T,3,T
31,mh,1.2011709,0,g,F,3,T
31,ft,1.0469577,1,g,F,3,T
31,fh,1.7971266,1,g,F,3,T
31,ft,1.1335767,1,g,F,3,T
31,mh,1.2879283,0,g,F,3,T
31,fh,1.1524006,1,g,F,3,T
31,mt,1.1900082,0,g,F,3,T
31,fh,0.9845285,1,g,F,3,T
31,mt,1.3126365,0,e,T,3,F
31,mh,2.7438658,0,e,F,3,T
31,fh,3.6102619,0,e,F,3,T
31,ft,1.1692496,1,e,F,3,T
31,mh,1.3624695,0,g,T,3,T
31,ft,4.7205982,1,g,F,3,T
31,mh,1.2633327,0,g,F,3,T
31,fh,1.3635135,1,g,F,3,T
31,mh,2.4828299,0,e,T,3,T
31,mt,1.3133152,1,e,F,3,T
31,fh,1.1493647,0,e,F,3,T
31,mh,2.3491766,0,e,F,3,T
31,fh,1.7605028,0,e,F,3,T
31,mt,1.1611248,1,e,F,3,T
31,ft,1.2065427,1,g,T,3,T
31,ft,0.9727756,1,g,F,3,T
31,mt,1.3854662,0,g,F,3,T
31,fh,1.1771876,1,g,F,3,T
31,mt,2.4080131,1,e,T,3,T
31,mt,2.7637755,1,e,F,3,T
31,mt,2.8657572,0,e,F,3,F
31,fh,3.8331963,0,e,F,3,T
31,mh,1.4760123,0,g,T,3,T
31,fh,2.9710644,1,g,F,3,T
31,mh,1.5509202,0,g,F,3,T
31,ft,1.162011,1,g,F,3,T
31,mh,1.3147069,0,g,F,3,T
31,fh,2.4797703,0,e,T,3,T
31,mh,1.178037,0,e,F,3,T
31,fh,1.2156883,0,e,F,3,T
31,fh,1.1454976,0,e,F,3,T
31,mt,2.1374293,1,e,F,3,T
31,fh,1.4920623,1,g,T,3,T
31,fh,2.3581647,1,g,F,4,T
31,mh,1.022465,0,g,F,4,T
31,mt,1.8255445,0,g,F,4,T
31,ft,2.3513389,1,e,T,4,T
31,fh,1.0200764,0,e,F,4,T
31,mt,1.3743105,1,e,F,4,T
31,fh,1.1857783,0,e,F,4,T
31,mh,1.2596648,0,e,F,4,T
31,ft,1.6728613,1,g,T,4,T
31,fh,1.3699441,0,g,F,4,F
31,ft,1.9055839,1,g,F,4,T
31,ft,1.9156122,1,g,F,4,T
31,mt,2.7083783,1,e,T,4,T
31,mt,1.4958947,1,e,F,4,T
31,mt,1.6269405,1,e,F,4,T
31,mh,1.6395366,0,e,F,4,T
31,ft,1.2590159,1,g,T,4,T
31,mt,1.4850868,0,g,F,4,T
31,ft,0.9764437,1,g,F,4,T
31,fh,1.1165837,1,g,F,4,T
31,mt,1.0995784,0,g,F,4,T
31,fh,2.4314059,0,e,T,4,T
31,ft,2.9021532,1,e,F,4,T
31,mt,1.2679847,1,e,F,4,T
31,mt,2.2302044,1,e,F,4,T
31,ft,2.0360288,1,e,F,4,T
31,mh,1.4843411,0,e,F,4,T
31,fh,1.314274,1,g,T,4,T
31,mh,1.2512513,0,g,F,4,T
31,fh,0.9289776,1,g,F,4,T
31,mh,1.3371908,0,g,F,4,T
31,ft,1.4016081,1,g,F,4,T
31,mh,1.9458289,0,e,T,4,T
31,mt,1.6170601,1,e,F,4,T
31,mh,1.3470038,0,e,F,4,T
31,fh,1.1071583,0,e,F,4,T
31,mh,1.9092798,0,g,T,4,T
31,ft,1.3846702,1,g,F,4,T
31,ft,0.9812249,1,g,F,4,T
31,mt,1.0624869,0,g,F,4,T
31,ft,2.5325306,1,e,T,4,T
31,mt,1.1817,1,e,F,4,T
31,fh,1.1070887,0,e,F,4,T
31,ft,2.5316679,1,e,F,4,T
31,ft,1.8008778,1,e,F,4,T
31,mh,1.2895104,0,e,F,4,T
31,ft,1.3290128,1,e,F,4,T
31,mt,1.4422382,0,g,T,4,T
31,mt,1.8607303,0,g,F,4,T
31,ft,0.946352,1,g,F,4,T
31,mh,2.0115429,0,g,F,4,T
31,fh,1.922155,0,e,T,4,T
31,mt,1.3769151,1,e,F,4,T
31,mt,1.7206413,1,e,F,4,T
31,mh,1.617658,0,e,F,4,T
31,mt,1.3166654,1,e,F,4,T
31,fh,1.495553,0,e,F,4,T
31,fh,1.2273072,0,e,F,4,T
31,mt,3.0683715,0,g,T,4,T
31,ft,2.0633985,1,g,F,5,T
31,mh,1.2063716,0,g,F,5,T
31,ft,1.3789986,1,g,F,5,T
31,mt,2.290413,1,e,T,5,T
31,ft,1.2824193,1,e,F,5,T
31,fh,0.9944633,0,e,F,5,T
31,mt,1.4515395,1,e,F,5,T
31,mh,1.0384015,0,e,F,5,T
31,ft,3.30958,1,g,T,5,T
31,mt,2.8450099,0,g,F,5,T
31,fh,2.0528638,1,g,F,5,T
31,fh,1.4707342,1,g,F,5,T
31,mh,2.3051596,0,e,T,5,T
31,fh,1.0810362,0,e,F,5,T
31,mt,1.2594455,1,e,F,5,T
31,mt,2.5085355,1,e,F,5,T
31,mt,1.0992358,1,e,F,5,T
31,mh,1.1206083,0,e,F,5,T
31,mt,2.3212473,1,e,F,5,T
31,ft,1.0965559,1,g,T,5,T
31,fh,1.1647951,1,g,F,5,T
31,mt,1.2976669,0,g,F,5,T
31,mt,1.6235363,0,g,F,5,T
31,fh,3.0049896,0,e,T,5,T
31,fh,1.0609684,0,e,F,5,T
31,mt,3.3466824,1,e,F,5,T
31,mh,0.9644055,0,e,F,5,T
31,fh,1.4660456,1,g,T,5,T
31,fh,1.4098357,1,g,F,5,T
31,fh,1.1505506,1,g,F,5,T
31,fh,0.9867369,1,g,F,5,T
31,ft,1.2961938,1,g,F,5,T
31,mt,1.1341243,0,g,F,5,T
31,ft,2.8536281,1,e,T,5,T
31,mh,1.1595369,0,e,F,5,T
31,ft,2.9345614,1,e,F,5,T
31,mh,0.9572137,0,e,F,5,T
31,mt,1.1071005,1,e,F,5,T
31,fh,1.2920883,1,g,T,5,T
31,mh,1.0661754,0,g,F,5,T
31,mt,2.1593601,0,g,F,5,T
31,ft,1.1987013,1,g,F,5,T
31,mh,1.7249089,0,e,T,5,T
31,fh,4.9231732,0,e,F,5,T
31,mt,2.9689357,1,e,F,5,T
31,ft,3.7235689,1,e,F,5,T
31,mh,1.3919964,0,g,T,5,T
31,mh,1.3421402,0,g,F,5,T
31,mh,2.2396799,0,g,F,5,T
31,mt,1.1130676,0,g,F,5,T
31,mh,0.7089688,0,g,F,5,T
31,ft,0.7664428,1,g,F,5,T
31,mt,1.7694372,1,e,T,5,T
31,mh,1.0559062,0,e,F,5,T
31,fh,1.9936672,0,e,F,5,T
31,ft,1.2337335,1,e,F,5,T
31,mt,1.5235957,1,e,F,5,T
31,fh,1.14159,0,e,F,5,T
31,mh,1.1060453,0,g,T,5,T
31,ft,1.9278022,1,g,F,6,T
31,fh,0.9797146,1,g,F,6,T
31,mh,0.8663763,0,g,F,6,T
31,fh,1.761446,0,e,T,6,T
31,mh,1.1344817,0,e,F,6,T
31,mh,1.1932918,0,e,F,6,T
31,ft,1.3611884,1,e,F,6,T
31,mt,1.8730111,1,e,F,6,T
31,fh,1.0556367,0,e,F,6,T
31,mt,1.6705421,0,g,T,6,T
31,mt,0.9455616,0,g,F,6,T
31,fh,1.4742102,1,g,F,6,T
31,fh,2.0028513,1,g,F,6,T
31,mt,2.8351331,1,e,T,6,T
31,ft,1.2323406,1,e,F,6,T
31,mh,1.5646283,0,e,F,6,T
31,ft,2.3470587,1,e,F,6,T
31,mt,1.1966032,0,g,T,6,T
31,mt,1.319889,0,g,F,6,T
31,ft,1.3811548,1,g,F,6,T
31,mt,1.8653884,0,g,F,6,T
31,mt,1.0454816,0,g,F,6,T
31,mh,1.0816454,0,g,F,6,T
31,ft,3.3742131,1,e,T,6,T
31,mh,1.7058438,0,e,F,6,T
31,mt,1.2045865,1,e,F,6,T
31,ft,1.5407854,1,e,F,6,T
31,mt,1.3640948,0,g,T,6,T
31,mh,1.5369138,0,g,F,6,T
31,mh,1.7834637,0,g,F,6,T
31,ft,0.9768414,1,g,F,6,T
31,mh,1.617549,0,e,T,6,T
31,fh,0.9048959,0,e,F,6,T
31,ft,1.6449515,1,e,F,6,T
31,mt,1.5176502,1,e,F,6,T
31,fh,1.2526461,0,e,F,6,T
31,ft,1.2313073,1,e,F,6,T
31,mh,1.2375164,0,g,T,6,T
31,mh,1.7994593,0,g,F,6,T
31,mh,1.0022074,0,g,F,6,T
31,mt,1.2014898,0,g,F,6,T
31,mt,1.2205836,0,g,F,6,T
31,fh,1.8325758,0,e,T,6,T
31,ft,1.3619456,1,e,F,6,T
31,mh,1.1866979,0,e,F,6,T
31,mh,1.2348452,0,e,F,6,T
31,fh,1.3068415,1,g,T,6,T
31,ft,2.6620753,1,g,F,6,T
31,mh,2.0411438,0,g,F,6,T
31,mh,1.5981422,0,g,F,6,T
31,fh,1.7563961,1,g,F,6,T
31,mt,1.2636887,0,g,F,6,T
31,ft,1.8492224,1,g,F,6,T
31,mh,1.0301704,0,g,F,6,T
31,ft,2.3878829,1,e,T,6,T
31,ft,1.5890471,1,e,F,6,T
31,mt,1.3101514,1,e,F,6,T
31,mt,1.7954055,1,e,F,6,T
31,fh,1.1709354,1,g,T,6,T
31,ft,1.3378322,1,g,F,6,T
31,mt,0.908368,0,g,F,6,T
31,mh,1.1399543,0,g,F,6,T
31,ft,1.7989412,1,e,T,6,T
31,ft,1.204896,1,e,F,6,T
31,mh,1.0176677,0,e,F,6,T
31,fh,0.989576,0,e,F,6,T
31,mt,1.3305243,1,e,F,6,T
32,mt,2.7573826,1,e,F,1,T
32,fh,2.7121437,0,e,F,1,T
32,mh,6.7670858,1,e,F,1,F
32,mh,7.9217479,1,e,F,1,F
32,ft,1.3002624,0,e,F,1,F
32,fh,0.7826226,0,e,F,1,T
32,mt,2.398226,1,e,F,1,T
32,fh,1.4410083,0,e,F,1,T
32,mh,1.5573007,1,e,F,1,F
32,fh,2.260571,0,e,F,1,T
32,mt,1.7289314,1,e,F,1,T
32,ft,1.5322393,0,e,F,1,F
32,fh,0.856138,0,e,F,1,T
32,ft,1.273151,0,e,F,1,F
32,ft,1.2933391,1,e,F,1,T
32,mt,1.0181411,1,e,F,1,T
32,ft,3.4042407,1,e,F,1,T
32,mt,1.157126,1,e,F,1,T
32,mh,1.4752003,0,e,F,1,T
32,mh,1.5027112,0,e,F,1,T
32,fh,0.6645397,1,g,F,2,T
32,mt,1.8199017,1,g,F,2,F
32,mh,0.6473099,0,g,F,2,T
32,ft,0.9897512,1,g,F,2,T
32,ft,1.0949742,1,g,F,2,T
32,fh,0.7278263,1,g,F,2,T
32,fh,0.6702983,1,g,F,2,T
32,mt,0.6013724,0,g,F,2,T
32,mt,1.1139473,0,g,F,2,T
32,mh,0.8710932,0,g,F,2,T
32,fh,0.8757935,1,g,F,2,T
32,ft,0.7361121,1,g,F,2,T
32,mh,1.0902642,0,g,F,2,T
32,ft,2.2535974,0,g,F,2,F
32,mh,1.3578855,0,g,F,2,T
32,mh,1.0464447,0,g,F,2,T
32,mt,1.3203143,0,g,F,2,T
32,ft,0.742236,1,g,F,2,T
32,mt,0.7550387,0,g,F,2,T
32,fh,0.6799758,1,g,F,2,T
32,fh,2.4993401,0,e,F,3,T
32,fh,1.4731483,0,e,F,3,T
32,mh,3.1284678,0,e,F,3,T
32,fh,2.2023837,1,g,T,3,T
32,ft,4.4844561,1,g,F,3,T
32,mh,1.8319044,0,g,F,3,T
32,mh,0.8862736,0,g,F,3,T
32,ft,4.8416519,0,e,T,3,F
32,ft,2.2313804,1,e,F,3,T
32,fh,1.2883849,0,e,F,3,T
32,mh,2.0280205,1,e,F,3,F
32,mh,1.3182559,0,e,F,3,T
32,mt,1.4034234,1,e,F,3,T
32,mt,2.3565621,1,e,F,3,T
32,mt,0.7427945,1,e,F,3,T
32,ft,0.7724211,1,e,F,3,T
32,mt,3.7893028,0,g,T,3,T
32,fh,1.9928087,1,g,F,3,T
32,mh,1.4739342,0,g,F,3,T
32,mh,1.346029,0,g,F,3,T
32,ft,4.0467901,1,e,T,3,T
32,mh,1.8837855,1,e,F,3,F
32,mt,2.6039935,1,e,F,3,T
32,mt,1.2698295,1,e,F,3,T
32,mh,1.5049311,0,e,F,3,T
32,fh,1.5384772,1,g,T,3,T
32,fh,1.2104953,1,g,F,3,T
32,ft,3.7675949,1,g,F,3,T
32,ft,1.2755602,1,g,F,3,T
32,mt,3.4853094,1,e,T,3,T
32,fh,3.7293651,0,e,F,3,T
32,mt,1.5638485,1,e,F,3,T
32,ft,1.5099555,1,e,F,3,T
32,mh,1.1952638,0,e,F,3,T
32,ft,3.2506701,0,g,T,3,F
32,mt,2.1715169,0,g,F,3,T
32,mh,1.1388993,0,g,F,3,T
32,mh,0.8671109,0,g,F,3,T
32,mh,0.8326045,0,g,F,3,T
32,ft,3.2082546,0,e,T,3,F
32,ft,1.67974,1,e,F,3,T
32,mh,1.5694756,0,e,F,3,T
32,mh,0.942595,0,e,F,3,T
32,fh,1.3411232,1,g,T,3,T
32,mh,1.1867555,1,g,F,3,F
32,fh,1.9878378,1,g,F,3,T
32,mt,3.1270284,0,g,F,3,T
32,fh,7.3853485,0,e,T,3,T
32,mt,1.0907009,1,e,F,3,T
32,mt,1.0036975,1,e,F,3,T
32,mh,0.7090124,0,e,F,3,T
32,mt,1.0422543,1,e,F,3,T
32,ft,0.819295,1,e,F,3,T
32,mt,1.0249165,1,e,F,3,T
32,ft,3.6820954,1,g,T,3,T
32,mt,2.170873,0,g,F,4,T
32,ft,0.9559811,1,g,F,4,T
32,mh,1.7946198,0,g,F,4,T
32,ft,0.8093234,1,g,F,4,T
32,mt,3.9690617,1,e,T,4,T
32,fh,1.2985849,0,e,F,4,T
32,mt,1.2032538,1,e,F,4,T
32,fh,0.7753983,0,e,F,4,T
32,fh,1.3618015,0,e,F,4,T
32,mt,1.1822223,1,g,T,4,F
32,mh,1.0270352,0,g,F,4,T
32,mt,0.8321797,0,g,F,4,T
32,mh,1.3842956,0,g,F,4,T
32,fh,2.9624153,0,e,T,4,T
32,ft,1.3670994,1,e,F,4,T
32,fh,1.339709,0,e,F,4,T
32,fh,0.8274377,0,e,F,4,T
32,mt,1.2878374,0,g,T,4,T
32,mh,1.06998,0,g,F,4,T
32,mt,1.4802594,0,g,F,4,T
32,mt,1.6276062,0,g,F,4,T
32,ft,1.2645579,1,g,F,4,T
32,ft,0.9108298,1,g,F,4,T
32,mh,0.9140888,0,g,F,4,T
32,ft,1.2747503,1,g,F,4,T
32,fh,0.7934286,1,g,F,4,T
32,mt,3.3070686,1,e,T,4,T
32,mh,1.3793209,0,e,F,4,T
32,ft,1.4015034,1,e,F,4,T
32,mh,0.7769227,0,e,F,4,T
32,ft,3.0019031,1,g,T,4,T
32,fh,1.2933336,1,g,F,4,T
32,fh,1.2141749,1,g,F,4,T
32,fh,0.8639056,1,g,F,4,T
32,mh,3.2754719,0,e,T,4,T
32,mh,0.8394831,0,e,F,4,T
32,fh,0.9159403,0,e,F,4,T
32,mt,1.1031488,1,e,F,4,T
32,fh,1.5540793,0,e,F,4,T
32,fh,1.9802317,0,e,F,4,T
32,mh,1.671698,0,g,T,4,T
32,ft,1.8030201,1,g,F,4,T
32,mt,0.9581698,0,g,F,4,T
32,mh,1.549433,0,g,F,4,T
32,fh,2.2864309,0,e,T,4,T
32,ft,1.8270871,1,e,F,4,T
32,mh,1.305892,0,e,F,4,T
32,ft,1.0184741,1,e,F,4,T
32,mt,0.9550433,1,e,F,4,T
32,fh,2.3691793,1,g,T,4,T
32,ft,1.3174663,1,g,F,4,T
32,mt,0.8643831,0,g,F,4,T
32,mt,1.8829736,0,g,F,4,T
32,ft,2.3769377,1,e,T,4,T
32,ft,0.9658416,1,e,F,4,T
32,ft,0.6548791,1,e,F,4,T
32,ft,0.8502682,1,e,F,4,T
32,fh,1.1334149,0,e,F,4,T
32,mh,1.4302192,0,g,T,4,T
32,mh,1.2214666,0,g,F,5,T
32,mh,0.8079541,0,g,F,5,T
32,fh,0.8038141,1,g,F,5,T
32,mt,3.5530396,1,e,T,5,T
32,mt,1.440324,1,e,F,5,T
32,fh,0.7492547,0,e,F,5,T
32,mt,1.0556807,1,e,F,5,T
32,ft,0.9639573,1,g,T,5,F
32,fh,1.1438132,1,g,F,5,T
32,ft,1.1117018,1,g,F,5,T
32,mt,0.7239194,0,g,F,5,T
32,fh,1.1938894,1,g,F,5,T
32,mt,1.5995424,1,e,T,5,T
32,mh,1.1494776,0,e,F,5,T
32,mt,0.8480089,1,e,F,5,T
32,ft,1.0507998,1,e,F,5,T
32,mh,2.1916495,0,g,T,5,T
32,ft,1.2253414,1,g,F,5,T
32,mh,1.1314319,0,g,F,5,T
32,mt,0.8583407,0,g,F,5,T
32,ft,2.342059,1,e,T,5,T
32,fh,1.1027018,0,e,F,5,T
32,mt,1.1707113,1,e,F,5,T
32,mt,0.9790735,1,e,F,5,T
32,mh,0.9358381,0,e,F,5,T
32,mt,0.7735473,1,e,F,5,T
32,ft,1.4822495,1,e,F,5,T
32,mt,0.7807037,1,e,F,5,T
32,ft,1.4235999,1,e,F,5,T
32,mt,1.485999,0,g,T,5,T
32,ft,0.8615102,1,g,F,5,T
32,ft,0.9410582,1,g,F,5,T
32,ft,0.8967436,1,g,F,5,T
32,ft,0.8415242,1,g,F,5,T
32,mh,1.4996918,0,e,T,5,T
32,mh,0.7655881,0,e,F,5,T
32,mh,0.645352,0,e,F,5,T
32,mt,0.8677811,1,e,F,5,T
32,fh,1.6424177,1,g,T,5,T
32,ft,0.8151014,1,g,F,5,T
32,fh,0.576532,1,g,F,5,T
32,ft,0.6741455,1,g,F,5,T
32,fh,0.7073051,1,g,F,5,T
32,mh,1.9171912,0,e,T,5,T
32,mt,0.8628556,1,e,F,5,T
32,mt,0.7735167,1,e,F,5,T
32,fh,1.1948894,0,e,F,5,T
32,mt,0.9084387,1,e,F,5,T
32,fh,1.0202532,0,e,F,5,T
32,fh,0.7228903,0,e,F,5,T
32,mh,1.2340271,0,g,T,5,T
32,ft,0.792802,1,g,F,5,T
32,ft,1.5773523,1,g,F,5,T
32,fh,0.8001576,1,g,F,5,T
32,mh,1.9108972,0,e,T,5,T
32,mh,0.8678163,0,e,F,5,T
32,mt,1.4407859,1,e,F,5,T
32,mh,0.827806,0,e,F,5,T
32,mh,1.0810753,0,e,F,5,T
32,mt,1.2254128,1,e,F,5,T
32,ft,1.9149685,1,g,T,5,T
32,mt,1.2995098,0,g,F,6,T
32,mh,0.8858163,0,g,F,6,T
32,mt,0.7795479,0,g,F,6,T
32,fh,2.028271,0,e,T,6,T
32,mt,0.9499494,1,e,F,6,T
32,fh,1.0405391,0,e,F,6,T
32,ft,1.126817,0,e,F,6,F
32,mh,0.9618122,0,e,F,6,T
32,ft,1.1080734,1,e,F,6,T
32,mh,1.0219373,0,g,T,6,T
32,mt,1.6458042,0,g,F,6,T
32,ft,0.7706828,1,g,F,6,T
32,mh,1.0801883,0,g,F,6,T
32,mh,0.8871808,0,g,F,6,T
32,ft,1.0336023,1,g,F,6,T
32,mh,1.2653088,0,e,T,6,T
32,mh,0.8220212,0,e,F,6,T
32,fh,1.8974474,0,e,F,6,T
32,ft,0.9034726,1,e,F,6,T
32,mh,0.8961885,0,g,T,6,T
32,mt,0.9985442,0,g,F,6,T
32,fh,1.0064036,1,g,F,6,T
32,mt,0.8102597,0,g,F,6,T
32,fh,0.990395,1,g,F,6,T
32,mh,0.9499254,0,g,F,6,T
32,fh,2.1048583,0,e,T,6,T
32,ft,1.0155067,1,e,F,6,T
32,fh,0.838192,0,e,F,6,T
32,mt,0.9233451,1,e,F,6,T
32,fh,1.0842946,1,g,T,6,T
32,mh,0.9341375,0,g,F,6,T
32,mh,0.8153402,0,g,F,6,T
32,mt,0.909571,0,g,F,6,T
32,fh,1.2964376,0,e,T,6,T
32,fh,1.0942837,0,e,F,6,T
32,ft,1.0511654,1,e,F,6,T
32,mh,1.1528398,0,e,F,6,T
32,mh,0.7540427,0,e,F,6,T
32,ft,1.5441543,1,g,T,6,T
32,fh,2.0126372,1,g,F,6,T
32,mt,0.8773146,0,g,F,6,T
32,mt,0.8470598,0,g,F,6,T
32,ft,2.3396618,1,e,T,6,T
32,ft,1.0709947,1,e,F,6,T
32,fh,0.8255527,0,e,F,6,T
32,fh,0.839915,0,e,F,6,T
32,mt,1.2339938,0,g,T,6,T
32,mh,1.2589371,0,g,F,6,T
32,ft,0.9770435,1,g,F,6,T
32,ft,0.8524779,1,g,F,6,T
32,ft,0.7522483,1,g,F,6,T
32,ft,0.7615208,1,g,F,6,T
32,mh,1.7895167,0,e,T,6,T
32,mt,0.877176,1,e,F,6,T
32,ft,1.289659,1,e,F,6,T
32,ft,1.0334638,1,e,F,6,T
32,mt,1.4953712,0,g,T,6,T
32,fh,0.8698049,1,g,F,6,T
32,mh,1.1226201,0,g,F,6,T
32,ft,0.7785338,1,g,F,6,T
32,mt,1.5628423,1,e,T,6,T
32,mh,0.9885946,0,e,F,6,T
32,mt,0.9524133,1,e,F,6,T
32,ft,1.4050664,1,e,F,6,T
32,mh,0.8249353,0,e,F,6,T
33,mt,0.9780936,0,g,F,1,T
33,mh,0.7738664,0,g,F,1,T
33,ft,0.9334783,1,g,F,1,T
33,mt,0.8425855,0,g,F,1,T
33,mh,1.4429445,1,g,F,1,F
33,fh,0.8278348,1,g,F,1,T
33,mt,1.0498018,0,g,F,1,T
33,fh,1.5040147,1,g,F,1,T
33,mh,0.7962668,0,g,F,1,T
33,ft,1.0956576,1,g,F,1,T
33,fh,1.2530806,1,g,F,1,T
33,ft,1.1911131,1,g,F,1,T
33,mt,0.6922236,0,g,F,1,T
33,mh,0.726628,0,g,F,1,T
33,ft,0.788599,1,g,F,1,T
33,mt,1.097192,0,g,F,1,T
33,fh,0.728155,1,g,F,1,T
33,ft,1.0158346,1,g,F,1,T
33,fh,0.731189,1,g,F,1,T
33,mh,0.9757565,0,g,F,1,T
33,ft,1.5030628,1,e,F,2,T
33,mh,0.7760658,0,e,F,2,T
33,fh,0.9120444,1,e,F,2,F
33,fh,0.9317229,0,e,F,2,T
33,mh,0.6783736,0,e,F,2,T
33,ft,0.8356088,1,e,F,2,T
33,mt,1.0446168,1,e,F,2,T
33,fh,0.6016983,0,e,F,2,T
33,mt,0.9030786,1,e,F,2,T
33,fh,0.7076256,0,e,F,2,T
33,mt,0.9470576,1,e,F,2,T
33,mt,1.1636249,1,e,F,2,T
33,mt,0.8931027,1,e,F,2,T
33,fh,0.9526406,0,e,F,2,T
33,ft,1.0480089,1,e,F,2,T
33,mh,0.5445695,0,e,F,2,T
33,mh,0.7058577,0,e,F,2,T
33,ft,1.0919108,1,e,F,2,T
33,ft,1.6230215,0,e,F,2,F
33,mh,0.7718135,0,e,F,2,T
33,fh,2.1385507,1,e,F,3,F
33,fh,1.8439382,0,e,F,3,T
33,mt,1.5062067,1,e,F,3,T
33,fh,1.8274459,1,g,T,3,T
33,fh,0.962461,1,g,F,3,T
33,mt,1.6569604,0,g,F,3,T
33,ft,1.5660813,1,g,F,3,T
33,mh,2.452486,0,e,T,3,T
33,ft,1.5754974,1,e,F,3,T
33,mh,1.6182476,0,e,F,3,T
33,mt,1.1270909,1,e,F,3,T
33,mt,1.1737019,1,e,F,3,T
33,mh,1.6728064,0,e,F,3,T
33,ft,2.4165296,1,g,T,3,T
33,mt,1.0615821,0,g,F,3,T
33,mt,1.3759683,0,g,F,3,T
33,fh,1.260637,1,g,F,3,T
33,mt,2.0992531,1,e,T,3,T
33,ft,2.210928,1,e,F,3,T
33,mh,2.095435,0,e,F,3,T
33,ft,1.3375927,1,e,F,3,T
33,mh,1.5897226,0,g,T,3,T
33,fh,1.8849117,1,g,F,3,T
33,mh,1.2287817,0,g,F,3,T
33,mh,1.3948659,0,g,F,3,T
33,ft,1.4482164,1,g,F,3,T
33,fh,1.9949866,1,g,F,3,T
33,mh,1.1263104,0,g,F,3,T
33,ft,1.8854131,1,e,T,3,T
33,mt,1.1292307,1,e,F,3,T
33,fh,1.0929534,0,e,F,3,T
33,ft,1.3247129,1,e,F,3,T
33,mh,1.8077189,1,g,T,3,F
33,mt,2.2218578,1,g,F,3,F
33,mt,3.1246899,0,g,F,3,T
33,mh,2.3671623,0,g,F,3,T
33,fh,1.0353751,1,g,F,3,T
33,mh,2.4894886,1,e,T,3,F
33,ft,5.6315945,1,e,F,3,F
33,mt,0.9308606,1,e,F,3,T
33,fh,1.0363072,0,e,F,3,T
33,mh,2.4109615,1,e,F,3,F
33,fh,1.1837271,0,e,F,3,T
33,mt,2.1615721,0,g,T,3,T
33,fh,0.8528344,1,g,F,3,T
33,ft,0.947363,1,g,F,3,T
33,mh,0.9917553,0,g,F,3,T
33,ft,1.0723475,1,g,F,3,T
33,mt,0.8459981,0,g,F,3,T
33,fh,1.6556724,1,e,T,3,F
33,ft,1.5386111,1,e,F,3,T
33,mh,0.8991382,0,e,F,3,T
33,fh,1.1704692,0,e,F,3,T
33,fh,0.9970256,0,e,F,3,T
33,mt,3.6765769,0,g,T,3,T
33,mt,2.4876642,0,g,F,4,T
33,ft,1.1823358,1,g,F,4,T
33,mh,1.2048428,0,g,F,4,T
33,fh,2.2385776,0,e,T,4,T
33,fh,1.213355,0,e,F,4,T
33,ft,1.1872682,1,e,F,4,T
33,mt,1.2373582,1,e,F,4,T
33,ft,3.984357,1,g,T,4,F
33,mh,4.7499128,0,g,F,4,T
33,mh,1.4877874,0,g,F,4,T
33,mt,1.4545733,0,g,F,4,T
33,mt,2.5148415,0,g,F,4,T
33,mh,1.5997222,0,g,F,4,T
33,fh,1.8896024,0,e,T,4,T
33,ft,1.7900352,1,e,F,4,T
33,fh,1.2845483,0,e,F,4,T
33,mh,0.9754757,0,e,F,4,T
33,ft,2.3194101,1,g,T,4,T
33,mt,2.7652191,0,g,F,4,T
33,fh,1.2890148,1,g,F,4,T
33,ft,1.1006718,1,g,F,4,T
33,fh,1.2043201,1,g,F,4,T
33,fh,2.8310284,1,g,F,4,T
33,fh,2.9375754,1,g,F,4,T
33,mh,1.935292,0,e,T,4,T
33,fh,1.9217591,0,e,F,4,T
33,ft,1.1823041,1,e,F,4,T
33,ft,1.3477718,1,e,F,4,T
33,mt,2.2718394,0,g,T,4,T
33,mh,1.4002266,0,g,F,4,T
33,ft,1.0865164,1,g,F,4,T
33,fh,1.3167957,1,g,F,4,T
33,mh,1.0701717,0,g,F,4,T
33,mh,1.1704746,0,g,F,4,T
33,mt,1.5118695,0,g,F,4,T
33,fh,1.480816,1,g,F,4,T
33,mh,2.1794013,0,e,T,4,T
33,mt,1.4742323,1,e,F,4,T
33,mt,1.3155496,1,e,F,4,T
33,fh,1.4190437,0,e,F,4,T
33,mh,1.2724125,0,e,F,4,T
33,mt,1.0638488,1,e,F,4,T
33,ft,1.4286679,1,g,T,4,T
33,mh,1.0827037,0,g,F,4,T
33,mt,1.4282928,0,g,F,4,T
33,ft,0.9756868,1,g,F,4,T
33,mt,1.4232612,1,e,T,4,T
33,mt,1.4863371,1,e,F,4,T
33,fh,0.9167819,0,e,F,4,T
33,ft,1.997188,1,e,F,4,T
33,fh,0.9818456,0,e,F,4,T
33,ft,0.9596806,1,e,F,4,T
33,mt,1.4050563,0,g,T,4,T
33,mt,1.2543698,0,g,F,4,T
33,ft,0.9940829,1,g,F,4,T
33,mh,1.0716445,0,g,F,4,T
33,ft,1.0271838,1,e,T,4,T
33,mt,1.025012,1,e,F,4,T
33,mh,1.6435047,0,e,F,4,T
33,fh,1.6486625,0,e,F,4,T
33,mh,1.9885944,0,g,T,4,T
33,mh,1.8852677,0,g,F,5,T
33,ft,2.6383158,1,g,F,5,T
33,mh,1.2723753,0,g,F,5,T
33,ft,1.7387593,1,g,F,5,T
33,mt,1.2820522,1,e,T,5,T
33,mh,1.0565282,0,e,F,5,T
33,fh,2.5643619,0,e,F,5,T
33,fh,1.175388,0,e,F,5,T
33,mh,4.6718354,0,g,T,5,T
33,mt,1.479384,0,g,F,5,T
33,mt,1.476265,0,g,F,5,T
33,fh,1.4755425,1,g,F,5,T
33,mt,1.4123877,1,e,T,5,T
33,mh,1.8490635,0,e,F,5,T
33,mt,1.4148301,1,e,F,5,T
33,ft,2.4936686,1,e,F,5,T
33,mt,1.1401248,1,e,F,5,T
33,mh,1.5116838,0,e,F,5,T
33,fh,1.833053,1,g,T,5,T
33,ft,1.3614803,1,g,F,5,T
33,mh,0.9967702,0,g,F,5,T
33,fh,1.5938383,1,g,F,5,T
33,mt,1.4653724,0,g,F,5,T
33,ft,1.1519014,1,g,F,5,T
33,mt,1.424689,1,e,T,5,T
33,fh,0.9390187,0,e,F,5,T
33,mh,1.8101544,0,e,F,5,T
33,mt,1.9869479,1,e,F,5,T
33,fh,1.3048279,1,g,T,5,T
33,mt,2.1518079,0,g,F,5,T
33,ft,1.4243818,1,g,F,5,T
33,mt,1.4502945,0,g,F,5,T
33,fh,1.9199459,0,e,T,5,T
33,fh,1.6082884,0,e,F,5,T
33,mh,0.9440941,0,e,F,5,T
33,mt,1.137682,1,e,F,5,T
33,mt,1.3469655,1,e,F,5,T
33,ft,4.6165729,0,g,T,5,F
33,mt,1.237928,1,g,F,5,F
33,ft,2.0445639,0,g,F,5,F
33,mt,1.6813307,0,g,F,5,T
33,ft,2.4742451,0,e,T,5,F
33,ft,2.0067034,1,e,F,5,T
33,mh,0.8885238,0,e,F,5,T
33,ft,0.8798007,1,e,F,5,T
33,mh,1.4689674,0,e,F,5,T
33,ft,1.6702254,1,g,T,5,T
33,mh,1.1711678,0,g,F,5,T
33,ft,1.1245515,1,g,F,5,T
33,fh,1.3190301,1,g,F,5,T
33,mt,2.1718648,0,g,F,5,T
33,fh,1.4879316,0,e,T,5,T
33,fh,1.2326099,0,e,F,5,T
33,mh,1.2362929,0,e,F,5,T
33,mh,1.3787636,0,e,F,5,T
33,fh,1.9513996,1,g,T,5,T
33,fh,1.8263762,1,g,F,6,T
33,mt,1.4581735,0,g,F,6,T
33,fh,1.0137762,1,g,F,6,T
33,ft,1.1618397,1,g,F,6,T
33,ft,1.3857733,1,g,F,6,T
33,mh,1.4721214,0,e,T,6,T
33,mt,0.9836903,1,e,F,6,T
33,ft,1.5486125,1,e,F,6,T
33,mh,0.9777921,0,e,F,6,T
33,ft,1.0407757,1,e,F,6,T
33,mh,1.6744966,0,g,T,6,T
33,ft,1.1422453,1,g,F,6,T
33,ft,1.314973,1,g,F,6,T
33,mt,1.1465414,0,g,F,6,T
33,ft,0.9024274,1,g,F,6,T
33,mh,1.2068836,0,g,F,6,T
33,ft,1.380589,1,e,T,6,T
33,ft,1.4897691,1,e,F,6,T
33,ft,0.9577152,1,e,F,6,T
33,fh,1.094582,0,e,F,6,T
33,mt,1.3121052,0,g,T,6,T
33,mh,1.3165265,0,g,F,6,T
33,mh,1.2102446,0,g,F,6,T
33,ft,0.8395106,1,g,F,6,T
33,mh,2.3782547,0,e,T,6,T
33,mt,1.0813981,1,e,F,6,T
33,fh,2.1767885,0,e,F,6,T
33,fh,1.3427006,0,e,F,6,T
33,mh,1.2902044,0,e,F,6,T
33,fh,1.7147085,1,g,T,6,T
33,ft,1.6183822,1,g,F,6,T
33,mt,1.5886216,0,g,F,6,T
33,mh,0.9752655,0,g,F,6,T
33,mt,0.8276619,0,g,F,6,T
33,mt,1.2312564,0,g,F,6,T
33,ft,1.422723,1,e,T,6,T
33,ft,1.0684479,0,e,F,6,F
33,mh,1.8098028,0,e,F,6,T
33,mt,1.3649799,1,e,F,6,T
33,fh,3.0505622,1,g,T,6,T
33,fh,1.723197,1,g,F,6,T
33,mt,0.8343155,0,g,F,6,T
33,fh,0.9048083,1,g,F,6,T
33,mt,1.1419099,1,e,T,6,T
33,mt,0.9322722,1,e,F,6,T
33,mh,1.0301544,0,e,F,6,T
33,mt,1.0488753,1,e,F,6,T
33,ft,1.0284501,1,e,F,6,T
33,mt,1.235701,1,e,F,6,T
33,fh,1.031827,0,e,F,6,T
33,mh,1.4116166,0,g,T,6,T
33,ft,1.0363834,1,g,F,6,T
33,ft,1.3144251,1,g,F,6,T
33,ft,1.3725217,1,g,F,6,T
33,mh,0.9151811,0,g,F,6,T
33,fh,1.6485923,0,e,T,6,T
33,mh,1.5340158,0,e,F,6,T
33,mh,1.2174244,0,e,F,6,T
33,ft,1.291247,1,e,F,6,T
33,mt,2.1965273,0,g,T,6,T
33,ft,0.9695959,1,g,F,6,T
33,fh,1.2760306,1,g,F,6,T
33,ft,2.1610041,1,g,F,6,T
33,mt,0.8772688,0,g,F,6,T
33,ft,1.8152128,1,e,T,6,T
33,mt,0.7846792,1,e,F,6,T
33,mt,0.9961626,1,e,F,6,T
33,fh,1.0358802,0,e,F,6,T
34,mt,3.3230857,1,e,F,1,T
34,ft,1.2089423,1,e,F,1,T
34,fh,1.1638821,0,e,F,1,T
34,fh,0.8376796,0,e,F,1,T
34,fh,1.5454061,0,e,F,1,T
34,mt,1.7087116,1,e,F,1,T
34,mt,1.2502311,1,e,F,1,T
34,ft,1.128051,1,e,F,1,T
34,mh,0.9449548,0,e,F,1,T
34,ft,1.6099893,1,e,F,1,T
34,fh,1.3806219,0,e,F,1,T
34,fh,0.8878124,0,e,F,1,T
34,mh,1.50014,0,e,F,1,T
34,mh,0.5855959,0,e,F,1,T
34,ft,1.167827,1,e,F,1,T
34,mt,0.7585822,1,e,F,1,T
34,mh,1.0727862,0,e,F,1,T
34,mt,1.1634996,1,e,F,1,T
34,mh,1.2040285,0,e,F,1,T
34,ft,7.694292,1,e,F,1,T
34,fh,0.6996231,1,g,F,2,T
34,mh,0.5737501,0,g,F,2,T
34,mh,0.9826756,0,g,F,2,T
34,ft,1.6602085,1,g,F,2,T
34,fh,0.8548604,1,g,F,2,T
34,mh,0.84013,0,g,F,2,T
34,fh,1.9104777,1,g,F,2,T
34,fh,1.7099465,1,g,F,2,T
34,mt,0.9201074,0,g,F,2,T
34,mh,0.7650315,0,g,F,2,T
34,ft,0.9246541,1,g,F,2,T
34,mt,0.8790687,0,g,F,2,T
34,ft,1.0232492,1,g,F,2,T
34,mt,1.046212,0,g,F,2,T
34,mt,0.6080837,0,g,F,2,T
34,ft,0.6565013,1,g,F,2,T
34,ft,1.8881566,1,g,F,2,T
34,fh,0.6261702,1,g,F,2,T
34,mt,0.741965,0,g,F,2,T
34,mh,1.4770766,0,g,F,2,T
34,mt,3.4518577,0,g,F,3,T
34,ft,1.4586619,1,g,F,3,T
34,mh,4.2185651,0,g,F,3,T
34,ft,3.1457752,1,e,T,3,T
34,mt,1.8138106,1,e,F,3,T
34,ft,1.7399943,1,e,F,3,T
34,mt,1.7274987,1,e,F,3,T
34,ft,2.3774013,1,g,T,3,T
34,mh,1.9719662,0,g,F,3,T
34,ft,12.5668866,0,g,F,3,F
34,mh,2.0481931,0,g,F,3,T
34,mh,1.191852,0,g,F,3,T
34,fh,2.2305892,0,g,F,3,F
34,mt,1.9741206,0,g,F,3,T
34,ft,1.2861648,0,g,F,3,F
34,ft,0.943989,0,g,F,3,F
34,mh,7.4496385,0,e,T,3,T
34,fh,3.2034162,0,e,F,3,T
34,fh,1.1629081,0,e,F,3,T
34,mh,1.4698738,0,e,F,3,T
34,ft,4.8163392,1,g,T,3,T
34,ft,3.5382518,1,g,F,3,T
34,mh,2.0118101,0,g,F,3,T
34,ft,3.7170909,1,g,F,3,T
34,mh,2.9933693,0,e,T,3,T
34,ft,3.1450675,1,e,F,3,T
34,fh,1.5997644,0,e,F,3,T
34,mh,2.2397162,0,e,F,3,T
34,mt,2.4285206,1,e,F,3,T
34,fh,1.4023369,0,e,F,3,T
34,fh,2.541115,0,e,F,3,T
34,mh,1.973465,0,g,T,3,T
34,mh,1.1082136,0,g,F,3,T
34,mh,1.2452486,0,g,F,3,T
34,fh,2.5326533,1,g,F,3,T
34,mh,6.3010212,0,e,T,3,T
34,ft,3.1621449,1,e,F,3,T
34,ft,2.8469934,1,e,F,3,T
34,mh,2.8252719,0,e,F,3,T
34,mt,1.4578641,1,e,F,3,T
34,mh,2.9318943,0,e,F,3,T
34,fh,3.1866118,1,g,T,3,T
34,ft,1.8141813,1,g,F,3,T
34,ft,1.6989189,1,g,F,3,T
34,mh,1.6485598,0,g,F,3,T
34,fh,4.9233237,0,e,T,3,T
34,mt,1.5515769,1,e,F,3,T
34,ft,1.5523373,1,e,F,3,T
34,mh,1.8148195,0,e,F,3,T
34,fh,3.3582048,1,g,T,3,T
34,mt,1.6125377,0,g,F,3,T
34,mh,1.9179864,0,g,F,3,T
34,mt,1.8919411,0,g,F,3,T
34,mh,2.4499151,0,g,F,3,T
34,fh,5.6437039,0,e,T,3,T
34,mh,6.3462577,0,e,F,4,T
34,mh,1.166165,0,e,F,4,T
34,mh,1.0454651,0,e,F,4,T
34,ft,2.9067064,1,g,T,4,T
34,fh,3.2796983,1,g,F,4,T
34,mt,1.4102968,0,g,F,4,T
34,mh,1.0548076,0,g,F,4,T
34,mt,1.444772,0,g,F,4,T
34,ft,1.7935386,1,e,T,4,T
34,mt,3.5220464,1,e,F,4,T
34,fh,1.3525038,0,e,F,4,T
34,ft,1.6249922,1,e,F,4,T
34,mh,2.1274351,0,e,F,4,T
34,mt,2.2335155,1,e,F,4,T
34,mh,1.6835013,0,e,F,4,T
34,ft,2.5251107,1,g,T,4,T
34,ft,1.4217326,1,g,F,4,T
34,fh,1.6636019,1,g,F,4,T
34,mh,1.2817524,0,g,F,4,T
34,ft,1.571271,1,g,F,4,T
34,ft,1.7153597,1,g,F,4,T
34,ft,1.3133953,1,g,F,4,T
34,ft,1.6282588,1,g,F,4,T
34,mt,2.8299377,1,e,T,4,T
34,ft,1.1741985,1,e,F,4,T
34,mt,1.208937,1,e,F,4,T
34,mt,2.9219705,1,e,F,4,T
34,fh,2.3025015,1,g,T,4,T
34,mh,8.5953016,0,g,F,4,T
34,fh,1.8067191,1,g,F,4,T
34,mt,1.4296246,0,g,F,4,T
34,fh,2.6959293,0,e,T,4,T
34,ft,1.7159777,1,e,F,4,T
34,ft,1.2568944,1,e,F,4,T
34,mt,3.1687082,1,e,F,4,T
34,fh,2.2932135,0,e,F,4,T
34,mt,2.078835,0,g,T,4,T
34,ft,2.243604,1,g,F,4,T
34,mt,1.8874498,0,g,F,4,T
34,ft,1.8727732,1,g,F,4,T
34,mh,2.7609851,0,e,T,4,T
34,fh,3.0517363,0,e,F,4,T
34,mt,2.7999696,1,e,F,4,T
34,fh,3.7310959,0,e,F,4,T
34,fh,1.1475289,0,e,F,4,T
34,fh,1.0707375,0,e,F,4,T
34,mt,1.0141893,1,e,F,4,T
34,ft,3.6794351,1,g,T,4,T
34,fh,0.7435523,1,g,F,4,T
34,mh,1.5366918,0,g,F,4,T
34,mh,2.1103267,0,g,F,4,T
34,fh,2.243052,0,e,T,4,T
34,mh,3.1269247,0,e,F,4,T
34,fh,2.299902,0,e,F,4,T
34,ft,2.7701817,0,e,F,4,F
34,mh,1.6699771,0,g,T,4,T
34,mh,2.0789174,0,g,F,4,T
34,mt,0.7927932,0,g,F,4,T
34,mt,0.906165,0,g,F,4,T
34,fh,0.9280478,1,g,F,4,T
34,fh,0.9534501,1,g,F,4,T
34,mt,2.417493,1,e,T,4,T
34,fh,3.7358857,0,e,F,5,T
34,mt,2.1580642,1,e,F,5,T
34,mt,1.7437355,1,e,F,5,T
34,mh,1.201301,0,e,F,5,T
34,ft,1.4674772,1,e,F,5,T
34,mh,1.6607459,0,g,T,5,T
34,ft,0.8982267,1,g,F,5,T
34,mt,0.9975101,0,g,F,5,T
34,mh,2.9552458,0,g,F,5,T
34,ft,1.9587273,1,e,T,5,T
34,mt,2.5733722,1,e,F,5,T
34,fh,0.8787395,0,e,F,5,T
34,ft,1.5793711,1,e,F,5,T
34,mt,1.9131169,0,g,T,5,T
34,ft,1.6696197,1,g,F,5,T
34,mt,2.6313743,0,g,F,5,T
34,ft,2.5781235,1,g,F,5,T
34,fh,1.8741016,1,g,F,5,T
34,mt,1.3828657,0,g,F,5,T
34,ft,4.442594,1,e,T,5,T
34,mh,4.1089022,0,e,F,5,T
34,mt,6.8008298,0,e,F,5,F
34,fh,1.4922441,0,e,F,5,T
34,mt,1.6031452,0,g,T,5,T
34,fh,1.0033398,1,g,F,5,T
34,ft,1.9399885,1,g,F,5,T
34,ft,1.7316163,1,g,F,5,T
34,mt,2.4808917,1,e,T,5,T
34,mt,1.1657603,1,e,F,5,T
34,mh,1.5859491,0,e,F,5,T
34,mt,1.3948986,1,e,F,5,T
34,fh,2.1743205,0,e,F,5,T
34,mt,1.8270401,0,g,T,5,T
34,mt,0.9517136,0,g,F,5,T
34,mt,0.8716209,0,g,F,5,T
34,fh,1.5788372,1,g,F,5,T
34,mt,3.0864234,0,e,T,5,F
34,ft,1.425965,1,e,F,5,T
34,mh,1.3734457,0,e,F,5,T
34,fh,1.4722068,0,e,F,5,T
34,mh,2.6847391,0,g,T,5,T
34,ft,0.9690118,1,g,F,5,T
34,mt,1.4462786,0,g,F,5,T
34,ft,1.4482214,1,g,F,5,T
34,mt,2.1953031,0,g,F,5,T
34,mt,1.0724174,0,g,F,5,T
34,mh,1.4363651,0,g,F,5,T
34,fh,1.4087904,1,g,F,5,T
34,fh,1.0434382,1,g,F,5,T
34,mh,2.6500782,0,e,T,5,T
34,mt,1.0537393,1,e,F,5,T
34,ft,1.1996165,1,e,F,5,T
34,mt,1.0499665,1,e,F,5,T
34,fh,2.0887358,1,g,T,5,T
34,ft,1.6806858,1,g,F,5,T
34,mt,2.6002855,0,g,F,5,T
34,ft,1.5323742,1,g,F,5,T
34,fh,0.9899058,1,g,F,5,T
34,mt,1.1401423,0,g,F,5,T
34,mt,1.3961938,0,g,F,5,T
34,ft,1.5586361,1,g,F,5,T
34,mh,5.0775971,0,g,F,5,T
34,ft,2.2313135,1,e,T,5,T
34,ft,3.7675008,1,e,F,6,T
34,mh,2.8942497,0,e,F,6,T
34,ft,1.4289346,1,e,F,6,T
34,mt,1.4627862,0,g,T,6,T
34,mt,1.2808259,0,g,F,6,T
34,mh,1.0491348,0,g,F,6,T
34,ft,1.7128923,1,g,F,6,T
34,mt,2.1780453,0,g,F,6,T
34,ft,2.0426857,1,e,T,6,T
34,fh,2.3446667,0,e,F,6,T
34,ft,0.9962666,1,e,F,6,T
34,mh,1.2446024,0,e,F,6,T
34,fh,2.6336199,1,g,T,6,T
34,mt,1.1768215,0,g,F,6,T
34,fh,1.0496268,1,g,F,6,T
34,mt,1.5501334,0,g,F,6,T
34,mt,1.758675,0,g,F,6,T
34,fh,2.1963525,0,e,T,6,T
34,mt,1.507766,1,e,F,6,T
34,fh,1.5188226,0,e,F,6,T
34,mt,1.9470419,1,e,F,6,T
34,fh,1.8305747,1,g,T,6,T
34,mt,0.9493679,0,g,F,6,T
34,ft,4.1374045,1,g,F,6,T
34,ft,0.9048722,1,g,F,6,T
34,mt,3.0409863,1,e,T,6,T
34,ft,2.0991204,1,e,F,6,T
34,fh,1.1696394,0,e,F,6,T
34,ft,1.6862253,1,e,F,6,T
34,ft,1.5581859,1,e,F,6,T
34,mt,3.0752583,0,g,T,6,T
34,fh,1.418316,1,g,F,6,T
34,mh,1.7898361,0,g,F,6,T
34,mt,1.0948407,0,g,F,6,T
34,fh,1.8165246,1,e,T,6,F
34,ft,1.298117,1,e,F,6,T
34,mh,2.091554,0,e,F,6,T
34,mt,2.4476735,1,e,F,6,T
34,fh,1.9188917,0,e,F,6,T
34,mh,2.6796502,0,g,T,6,T
34,ft,1.5221557,1,g,F,6,T
34,ft,1.4533185,1,g,F,6,T
34,fh,1.1601734,1,g,F,6,T
34,mt,2.6510574,1,e,T,6,T
34,fh,3.6054528,0,e,F,6,T
34,fh,1.3053175,0,e,F,6,T
34,ft,1.896567,1,e,F,6,T
34,mh,3.5910132,0,g,T,6,T
34,fh,1.424264,1,g,F,6,T
34,ft,1.6511861,1,g,F,6,T
34,mh,1.7771294,0,g,F,6,T
34,fh,1.0690429,1,g,F,6,T
34,mh,2.1849317,0,e,T,6,T
34,mt,1.7956537,1,e,F,6,T
34,mt,1.5887566,1,e,F,6,T
34,mt,1.7392236,1,e,F,6,T
34,mt,1.2835267,1,e,F,6,T
34,ft,4.1737911,1,g,T,6,T
34,fh,2.0333112,1,g,F,6,T
34,fh,0.8591391,1,g,F,6,T
35,fh,1.0226577,0,e,F,1,T
35,fh,0.906565,0,e,F,1,T
35,mh,0.8709696,0,e,F,1,T
35,mt,1.0110845,1,e,F,1,T
35,ft,0.8595902,1,e,F,1,T
35,mh,0.8133538,0,e,F,1,T
35,mh,1.3403784,0,e,F,1,T
35,fh,2.2962181,0,e,F,1,T
35,mt,0.795786,1,e,F,1,T
35,mh,1.3778746,0,e,F,1,T
35,mh,1.3503783,0,e,F,1,T
35,ft,0.587437,1,e,F,1,T
35,fh,0.9836628,0,e,F,1,T
35,mt,1.3775067,0,e,F,1,F
35,mt,0.8988514,1,e,F,1,T
35,fh,1.0189026,0,e,F,1,T
35,ft,1.2825215,1,e,F,1,T
35,ft,1.3431736,1,e,F,1,T
35,mt,1.2182421,1,e,F,1,T
35,ft,0.884661,1,e,F,1,T
35,fh,2.2500374,1,g,F,2,T
35,mh,1.0217219,0,g,F,2,T
35,ft,4.3816679,1,g,F,2,T
35,mt,1.2165104,0,g,F,2,T
35,mt,2.8788066,0,g,F,2,T
35,fh,1.2778878,1,g,F,2,T
35,mt,1.7882869,0,g,F,2,T
35,ft,1.0073765,1,g,F,2,T
35,mh,1.0355009,0,g,F,2,T
35,fh,0.7589948,1,g,F,2,T
35,fh,2.7156935,1,g,F,2,T
35,mh,0.7598694,0,g,F,2,T
35,mh,1.3366282,0,g,F,2,T
35,mt,1.3956718,0,g,F,2,T
35,mh,0.7304345,0,g,F,2,T
35,ft,0.7227751,1,g,F,2,T
35,fh,2.3404353,1,g,F,2,T
35,mt,0.772688,0,g,F,2,T
35,ft,1.1630986,1,g,F,2,T
35,ft,0.8131844,1,g,F,2,T
35,ft,2.3027293,1,e,F,3,T
35,fh,2.2149408,0,e,F,3,T
35,ft,2.4471268,1,e,F,3,T
35,mh,1.3923606,0,g,T,3,T
35,ft,1.425424,1,g,F,3,T
35,mh,2.2396851,0,g,F,3,T
35,fh,2.3132697,1,g,F,3,T
35,mh,5.1222389,0,e,T,3,T
35,fh,2.6315638,0,e,F,3,T
35,ft,2.0431764,1,e,F,3,T
35,fh,2.1449728,0,e,F,3,T
35,mt,7.7053169,1,e,F,3,T
35,fh,2.6051907,0,e,F,3,T
35,mh,1.7928026,0,g,T,3,T
35,mt,1.2171652,0,g,F,3,T
35,mt,1.0035781,0,g,F,3,T
35,mt,0.8413632,0,g,F,3,T
35,mt,0.7024545,0,g,F,3,T
35,mh,0.679739,0,g,F,3,T
35,mh,0.563836,0,g,F,3,T
35,fh,3.7019876,0,e,T,3,T
35,mt,4.1697601,1,e,F,3,T
35,fh,1.7499173,0,e,F,3,T
35,mh,2.4882698,0,e,F,3,T
35,ft,1.8715956,1,e,F,3,T
35,mh,1.2688158,0,g,T,3,T
35,mt,2.3240484,0,g,F,3,T
35,fh,1.7901913,1,g,F,3,T
35,ft,0.8251041,1,g,F,3,T
35,mt,2.6936395,1,e,T,3,T
35,ft,2.0277932,1,e,F,3,T
35,mt,1.3842593,1,e,F,3,T
35,mt,1.2965827,1,e,F,3,T
35,fh,4.6213146,1,g,T,3,T
35,ft,0.8304365,1,g,F,3,T
35,mt,1.181253,0,g,F,3,T
35,ft,16.1169038,1,g,F,3,T
35,fh,0.8837144,1,g,F,3,T
35,fh,0.8341862,1,g,F,3,T
35,mh,25.3673517,0,g,F,3,T
35,ft,4.7037564,1,e,T,3,T
35,ft,1.6895279,1,e,F,3,T
35,fh,1.5933655,0,e,F,3,T
35,fh,2.2990414,0,e,F,3,T
35,ft,1.1685929,1,e,F,3,T
35,fh,1.9280529,0,e,F,3,T
35,mh,1.9333285,0,g,T,3,T
35,mt,0.9171438,0,g,F,3,T
35,ft,1.6947178,1,g,F,3,T
35,ft,2.003222,1,g,F,3,T
35,mt,1.441744,1,e,T,3,T
35,mt,3.0848266,1,e,F,3,T
35,ft,1.8925223,1,e,F,3,T
35,fh,1.7257742,0,e,F,3,T
35,ft,1.1448657,1,e,F,3,T
35,mt,1.1713598,0,g,T,3,T
35,fh,3.0033273,1,g,F,4,T
35,ft,0.958304,1,g,F,4,T
35,mt,2.8962745,0,g,F,4,T
35,fh,2.0436892,0,e,T,4,T
35,mt,1.8653959,1,e,F,4,T
35,mh,2.2565511,0,e,F,4,T
35,mh,1.4480249,0,e,F,4,T
35,fh,3.5817702,1,g,T,4,T
35,fh,2.2889073,1,g,F,4,T
35,mh,1.2699238,0,g,F,4,T
35,ft,2.4141112,1,g,F,4,T
35,fh,1.2134383,1,g,F,4,T
35,ft,1.2769912,1,g,F,4,T
35,mt,1.9939995,1,e,T,4,T
35,mt,1.3085378,1,e,F,4,T
35,mt,1.8288402,1,e,F,4,T
35,fh,1.5701635,0,e,F,4,T
35,mt,1.1012477,0,g,T,4,T
35,mt,1.0680004,0,g,F,4,T
35,mh,0.7606742,0,g,F,4,T
35,mt,0.642804,0,g,F,4,T
35,mh,0.6711681,0,g,F,4,T
35,mt,1.51846,0,g,F,4,T
35,ft,2.2311044,1,e,T,4,T
35,fh,1.9146403,0,e,F,4,T
35,mh,1.2773663,0,e,F,4,T
35,fh,0.970641,0,e,F,4,T
35,mt,0.8516379,0,g,T,4,T
35,ft,1.2009167,1,g,F,4,T
35,mt,0.957983,0,g,F,4,T
35,mt,0.8613142,0,g,F,4,T
35,fh,1.5386829,0,e,T,4,T
35,ft,1.4504854,1,e,F,4,T
35,ft,1.0651449,1,e,F,4,T
35,fh,0.9304664,0,e,F,4,T
35,ft,1.3595129,1,e,F,4,T
35,ft,1.289458,1,e,F,4,T
35,ft,0.9663713,1,e,F,4,T
35,mt,1.2345897,0,g,T,4,T
35,mt,0.8859124,0,g,F,4,T
35,mt,0.7989321,0,g,F,4,T
35,mh,1.2744569,0,g,F,4,T
35,ft,2.7347394,1,e,T,4,T
35,mh,1.0918223,0,e,F,4,T
35,mt,2.5838508,1,e,F,4,T
35,mt,1.9379888,1,e,F,4,T
35,ft,1.7244733,1,g,T,4,T
35,mh,1.2488594,0,g,F,4,T
35,ft,1.2039901,1,g,F,4,T
35,mt,1.1779981,0,g,F,4,T
35,mt,0.7862256,0,g,F,4,T
35,ft,1.4695866,1,e,T,4,T
35,mt,2.1150752,1,e,F,4,T
35,fh,1.0464806,0,e,F,4,T
35,mh,1.2774391,0,e,F,4,T
35,fh,1.5960648,1,g,T,4,T
35,mh,1.0031392,0,g,F,5,T
35,mt,1.813755,0,g,F,5,T
35,mh,1.0583309,0,g,F,5,T
35,fh,3.6360461,1,g,F,5,T
35,mt,1.990009,1,e,T,5,T
35,mh,1.3987042,0,e,F,5,T
35,fh,1.5665036,0,e,F,5,T
35,mt,4.6131151,1,e,F,5,T
35,ft,1.6317649,1,g,T,5,T
35,fh,1.3516882,1,g,F,5,T
35,ft,0.9437069,1,g,F,5,T
35,mt,1.1796786,0,g,F,5,T
35,ft,2.4632426,1,e,T,5,T
35,fh,1.6317609,0,e,F,5,T
35,mt,3.1551145,1,e,F,5,T
35,fh,1.3035782,0,e,F,5,T
35,fh,1.3566579,0,e,F,5,T
35,mh,4.1433178,0,e,F,5,T
35,ft,1.4542739,1,e,F,5,T
35,ft,1.1920826,1,e,F,5,T
35,mh,1.4939487,0,e,F,5,T
35,ft,1.32885,1,g,T,5,T
35,mh,0.7509983,0,g,F,5,T
35,ft,1.3299864,1,g,F,5,T
35,fh,0.7974311,1,g,F,5,T
35,mh,2.1079243,0,e,T,5,T
35,ft,2.4087746,1,e,F,5,T
35,mt,2.1506955,1,e,F,5,T
35,mh,2.5489019,0,e,F,5,T
35,ft,1.6686679,1,g,T,5,T
35,ft,0.9416489,1,g,F,5,T
35,mh,1.0364177,0,g,F,5,T
35,fh,0.8875472,1,g,F,5,T
35,ft,1.2250439,1,g,F,5,T
35,mh,2.137237,0,e,T,5,T
35,mh,0.8057956,0,e,F,5,T
35,ft,1.086924,1,e,F,5,T
35,mt,1.9015967,1,e,F,5,T
35,fh,1.3968253,1,g,T,5,T
35,fh,1.0103034,1,g,F,5,T
35,ft,0.9090352,1,g,F,5,T
35,mh,0.8904819,0,g,F,5,T
35,fh,1.3511074,0,e,T,5,T
35,ft,1.2704595,1,e,F,5,T
35,mt,1.1956978,1,e,F,5,T
35,fh,1.1768971,0,e,F,5,T
35,mh,1.2051455,1,e,F,5,F
35,fh,1.0055669,1,g,T,5,T
35,mt,0.8163018,0,g,F,5,T
35,mt,0.8524987,0,g,F,5,T
35,mt,0.7135605,0,g,F,5,T
35,fh,1.0846993,1,e,T,5,F
35,ft,2.1778681,1,e,F,5,T
35,ft,1.7006854,1,e,F,5,T
35,fh,1.5712419,0,e,F,5,T
35,mh,0.8560817,0,g,T,5,T
35,ft,1.7783023,1,g,F,6,T
35,ft,0.817959,1,g,F,6,T
35,mh,0.8314768,0,g,F,6,T
35,fh,1.2687331,1,g,F,6,T
35,mh,1.0111615,0,g,F,6,T
35,fh,0.9120221,1,g,F,6,T
35,ft,1.8745129,1,g,F,6,T
35,mh,0.8517926,0,g,F,6,T
35,ft,2.6776644,1,e,T,6,T
35,mh,1.4427436,0,e,F,6,T
35,fh,1.6966898,0,e,F,6,T
35,mh,0.7744931,0,e,F,6,T
35,ft,1.0773654,1,e,F,6,T
35,mh,1.0873374,0,g,T,6,T
35,mt,1.0307795,0,g,F,6,T
35,mt,0.8377873,0,g,F,6,T
35,ft,1.0033614,1,g,F,6,T
35,mh,1.5588813,0,e,T,6,T
35,fh,1.9625217,0,e,F,6,T
35,fh,1.0994956,0,e,F,6,T
35,ft,2.3625696,1,e,F,6,T
35,mt,0.8718918,0,g,T,6,T
35,mh,0.8876988,0,g,F,6,T
35,mh,0.7050678,0,g,F,6,T
35,mt,0.7365215,0,g,F,6,T
35,mh,0.6323511,0,g,F,6,T
35,fh,2.5206889,0,e,T,6,T
35,mt,1.3879895,1,e,F,6,T
35,fh,1.2006235,0,e,F,6,T
35,fh,2.1450233,0,e,F,6,T
35,fh,1.3321085,0,e,F,6,T
35,fh,1.2017518,0,e,F,6,T
35,mh,0.827734,0,e,F,6,T
35,mt,0.938759,1,e,F,6,T
35,fh,1.124614,1,g,T,6,T
35,mt,1.1618958,0,g,F,6,T
35,mh,0.8256845,0,g,F,6,T
35,fh,1.0056634,1,g,F,6,T
35,mt,1.9942543,1,e,T,6,T
35,mh,1.5189646,0,e,F,6,T
35,ft,1.8152804,1,e,F,6,T
35,mh,1.990522,0,e,F,6,T
35,fh,2.9723943,0,e,F,6,T
35,mt,0.9344707,0,g,T,6,T
35,mt,2.3580095,0,g,F,6,T
35,mt,0.6642583,0,g,F,6,T
35,ft,1.074724,1,g,F,6,T
35,mh,2.030784,0,e,T,6,T
35,fh,0.9332386,0,e,F,6,T
35,fh,0.8220177,0,e,F,6,T
35,fh,0.7754169,0,e,F,6,T
35,mt,1.4657866,1,e,F,6,T
35,mh,0.9345315,0,e,F,6,T
35,ft,1.166756,1,g,T,6,T
35,mh,0.9232352,0,g,F,6,T
35,fh,0.9382265,1,g,F,6,T
35,fh,1.0006927,1,g,F,6,T
35,mt,1.6372724,1,e,T,6,T
35,mh,1.2740292,0,e,F,6,T
35,ft,1.2182315,1,e,F,6,T
35,mt,1.2217972,1,e,F,6,T
35,mt,0.9235584,1,e,F,6,T
35,ft,0.9378284,1,g,T,6,T
35,mh,0.9437655,0,g,F,6,T
35,ft,0.9352699,1,g,F,6,T
35,mt,1.0042837,0,g,F,6,T
35,mh,1.0896588,0,g,F,6,T
35,fh,0.8639162,1,g,F,6,T
35,mh,2.2464148,0,e,T,6,T
35,mt,1.2220265,1,e,F,6,T
35,mh,1.7843269,0,e,F,6,T
35,fh,1.0290242,0,e,F,6,T
36,ft,2.0343135,1,g,F,1,T
36,mt,0.7397802,0,g,F,1,T
36,fh,0.8426572,1,g,F,1,T
36,mh,1.10098,0,g,F,1,T
36,ft,0.6664852,1,g,F,1,T
36,mh,2.316694,0,g,F,1,T
36,fh,0.9325925,1,g,F,1,T
36,fh,0.6488075,1,g,F,1,T
36,mt,1.0344625,0,g,F,1,T
36,mt,0.8865338,0,g,F,1,T
36,mh,1.1737634,0,g,F,1,T
36,mt,1.0118279,0,g,F,1,T
36,fh,0.9340593,1,g,F,1,T
36,fh,0.6630338,1,g,F,1,T
36,ft,1.5715267,1,g,F,1,T
36,mt,1.0535912,1,g,F,1,F
36,mh,0.8820054,0,g,F,1,T
36,ft,1.4537711,1,g,F,1,T
36,mh,0.8002864,0,g,F,1,T
36,ft,1.4849746,1,g,F,1,T
36,ft,2.5208174,1,e,F,2,T
36,ft,0.755845,1,e,F,2,T
36,mt,0.942696,1,e,F,2,T
36,ft,1.43035,1,e,F,2,T
36,mt,1.1177006,1,e,F,2,T
36,mt,1.1566268,1,e,F,2,T
36,ft,1.0181646,1,e,F,2,T
36,mt,1.3818394,1,e,F,2,T
36,mh,0.9162239,0,e,F,2,T
36,fh,2.1093902,0,e,F,2,T
36,fh,0.9945843,0,e,F,2,T
36,mh,0.5957148,0,e,F,2,T
36,mh,2.1140549,0,e,F,2,T
36,fh,0.6445189,0,e,F,2,T
36,mt,1.3876281,1,e,F,2,T
36,ft,1.0280295,1,e,F,2,T
36,mh,2.0293876,0,e,F,2,T
36,mh,1.309233,0,e,F,2,T
36,fh,0.5671632,0,e,F,2,T
36,fh,0.5777296,0,e,F,2,T
36,mt,1.631675,0,g,F,3,T
36,fh,1.0928309,1,g,F,3,T
36,mh,1.3490086,0,g,F,3,T
36,fh,2.8168277,0,e,T,3,T
36,mh,2.7660188,0,e,F,3,T
36,ft,3.9114777,1,e,F,3,T
36,ft,1.6487959,1,e,F,3,T
36,mh,1.2372651,0,g,T,3,T
36,mh,0.7696236,0,g,F,3,T
36,fh,1.4568414,1,g,F,3,T
36,mh,1.5402574,0,g,F,3,T
36,ft,1.3270719,1,g,F,3,T
36,mt,2.0251808,1,e,T,3,T
36,fh,1.095921,0,e,F,3,T
36,fh,0.7806001,0,e,F,3,T
36,ft,0.9448227,0,e,F,3,F
36,mh,1.8552196,0,g,T,3,T
36,ft,1.445384,1,g,F,3,T
36,mh,1.0941244,0,g,F,3,T
36,mh,0.9175266,0,g,F,3,T
36,ft,3.3508843,0,e,T,3,F
36,ft,0.9066876,1,e,F,3,T
36,fh,0.7978387,0,e,F,3,T
36,mt,0.8612609,1,e,F,3,T
36,fh,0.862572,0,e,F,3,T
36,mh,1.4242519,0,e,F,3,T
36,fh,1.071518,0,g,T,3,F
36,mt,1.3120765,0,g,F,3,T
36,mt,1.3721797,0,g,F,3,T
36,mt,0.8514529,0,g,F,3,T
36,fh,2.2372862,0,e,T,3,T
36,fh,0.6964883,0,e,F,3,T
36,mh,1.9815677,0,e,F,3,T
36,ft,0.8840892,1,e,F,3,T
36,mt,1.4958936,0,g,T,3,T
36,ft,1.5955404,1,g,F,3,T
36,mh,2.6911786,0,g,F,3,T
36,ft,1.5232019,1,g,F,3,T
36,fh,0.7484003,1,g,F,3,T
36,mt,1.0616133,0,g,F,3,T
36,mt,0.6460099,0,g,F,3,T
36,mh,0.7703972,0,g,F,3,T
36,ft,2.7390441,1,e,T,3,T
36,fh,1.7359403,0,e,F,3,T
36,mh,1.4021776,0,e,F,3,T
36,mt,1.0908892,1,e,F,3,T
36,fh,0.9069077,1,g,T,3,T
36,mt,2.9135872,0,g,F,3,T
36,mh,1.3844897,0,g,F,3,T
36,fh,1.7531417,1,g,F,3,T
36,mh,2.0097203,0,e,T,3,T
36,mt,5.2424306,1,e,F,4,T
36,mt,1.4088632,1,e,F,4,T
36,mh,0.8172544,0,e,F,4,T
36,ft,1.0714874,1,e,F,4,T
36,mh,2.0634848,0,g,T,4,T
36,ft,1.6467856,1,g,F,4,T
36,mt,1.5697009,0,g,F,4,T
36,mt,1.8430279,0,g,F,4,T
36,fh,1.6337918,0,e,T,4,T
36,mh,1.7052437,0,e,F,4,T
36,fh,0.6371278,0,e,F,4,T
36,mh,0.5419355,0,e,F,4,T
36,fh,1.4501681,1,g,T,4,T
36,ft,0.6679971,1,g,F,4,T
36,mt,1.342732,0,g,F,4,T
36,mh,1.0542565,0,g,F,4,T
36,fh,1.2026031,0,g,F,4,F
36,mh,1.2482004,0,g,F,4,T
36,mt,1.1578667,0,g,F,4,T
36,ft,1.5463703,0,e,T,4,F
36,mh,1.906875,0,e,F,4,T
36,mh,0.8102244,0,e,F,4,T
36,fh,0.7661355,0,e,F,4,T
36,mt,1.8432537,0,g,T,4,T
36,fh,0.7567922,1,g,F,4,T
36,ft,1.2726294,1,g,F,4,T
36,fh,1.0268563,1,g,F,4,T
36,mt,1.7742811,1,e,T,4,T
36,mh,1.716879,0,e,F,4,T
36,ft,1.1228136,1,e,F,4,T
36,fh,0.9972383,0,e,F,4,T
36,mh,0.7374415,1,e,F,4,F
36,ft,1.4117189,1,g,T,4,T
36,fh,0.9938956,1,g,F,4,T
36,fh,0.7044106,1,g,F,4,T
36,ft,1.2473179,1,g,F,4,T
36,mh,1.6357725,0,e,T,4,T
36,mh,1.4025932,0,e,F,4,T
36,fh,1.1208911,0,e,F,4,T
36,mt,0.7861358,1,e,F,4,T
36,mh,1.8057869,0,e,F,4,T
36,mh,1.0298634,0,e,F,4,T
36,mh,0.8983763,0,e,F,4,T
36,ft,1.1049696,1,g,T,4,T
36,ft,0.9591021,1,g,F,4,T
36,mt,1.4529771,0,g,F,4,T
36,ft,1.4401095,1,g,F,4,T
36,mt,2.2431249,1,e,T,4,T
36,ft,5.4945006,1,e,F,4,T
36,ft,1.0644533,1,e,F,4,T
36,mt,1.036255,1,e,F,4,T
36,ft,1.4138439,1,g,T,4,T
36,mt,1.3265829,0,g,F,4,T
36,mt,1.472159,0,g,F,4,T
36,mt,1.0989368,0,g,F,4,T
36,ft,2.0402666,1,g,F,4,T
36,ft,1.2135444,1,g,F,4,T
36,mh,1.645444,0,e,T,4,T
36,mt,1.7824928,1,e,F,5,T
36,mt,0.7602168,1,e,F,5,T
36,ft,1.0117706,1,e,F,5,T
36,mt,1.4893046,0,g,T,5,T
36,mh,1.1003984,0,g,F,5,T
36,fh,1.2364941,1,g,F,5,T
36,mh,2.3250056,0,g,F,5,T
36,fh,1.1820968,0,e,T,5,T
36,mt,4.557109,1,e,F,5,T
36,mh,0.7179472,0,e,F,5,T
36,mh,0.9353855,0,e,F,5,T
36,fh,0.9264417,0,e,F,5,T
36,mt,0.8040991,1,e,F,5,T
36,fh,0.6861407,0,e,F,5,T
36,mt,1.4373373,0,g,T,5,T
36,ft,2.7356723,1,g,F,5,T
36,ft,1.1029803,1,g,F,5,T
36,mt,2.8981097,0,g,F,5,T
36,mt,0.9149393,0,g,F,5,T
36,ft,0.8715582,1,g,F,5,T
36,mh,1.650607,0,e,T,5,T
36,fh,0.8113258,0,e,F,5,T
36,ft,1.2667677,1,e,F,5,T
36,mh,1.0247898,0,e,F,5,T
36,ft,1.781015,1,g,T,5,T
36,fh,0.9074444,1,g,F,5,T
36,fh,0.7039045,1,g,F,5,T
36,fh,1.1569784,1,g,F,5,T
36,mh,2.2188861,0,e,T,5,T
36,fh,2.1042555,0,e,F,5,T
36,mt,2.1641649,1,e,F,5,T
36,mt,4.1240554,1,e,F,5,T
36,fh,1.5481413,0,e,F,5,T
36,fh,1.0807782,0,e,F,5,T
36,ft,1.1584404,1,e,F,5,T
36,fh,1.0704785,0,e,F,5,T
36,mt,1.3690281,0,g,T,5,T
36,mh,3.6701241,0,g,F,5,T
36,mt,1.402757,0,g,F,5,T
36,mh,2.2806552,0,g,F,5,T
36,fh,2.793047,0,e,T,5,T
36,mt,1.3901719,1,e,F,5,T
36,mh,1.5119946,0,e,F,5,T
36,fh,1.1121275,0,e,F,5,T
36,fh,1.1075014,0,e,F,5,T
36,ft,1.6628499,1,e,F,5,T
36,mt,1.4232635,0,g,T,5,T
36,mt,1.027763,0,g,F,5,T
36,mt,0.8443008,0,g,F,5,T
36,fh,1.0765941,0,g,F,5,F
36,fh,3.9359277,1,g,F,5,T
36,mt,2.0517846,1,e,T,5,T
36,mh,1.1377938,0,e,F,5,T
36,fh,0.8602239,0,e,F,5,T
36,mt,1.61136,1,e,F,5,T
36,fh,0.7273985,0,e,F,5,T
36,mh,0.9242469,0,g,T,5,T
36,fh,1.2507941,1,g,F,5,T
36,mt,1.1076827,0,g,F,5,T
36,mh,1.6292657,0,g,F,5,T
36,ft,1.1903598,0,e,T,5,F
36,ft,1.2124687,1,e,F,6,T
36,mh,1.2002803,0,e,F,6,T
36,ft,1.4306413,1,e,F,6,T
36,ft,1.4486518,1,e,F,6,T
36,mh,1.630066,0,e,F,6,T
36,mt,2.1196538,1,e,F,6,T
36,ft,1.447635,1,g,T,6,T
36,mt,1.3630565,0,g,F,6,T
36,ft,1.2305242,1,g,F,6,T
36,ft,1.2849267,1,g,F,6,T
36,mt,1.1910966,1,e,T,6,T
36,ft,1.0048245,1,e,F,6,T
36,ft,0.7166059,1,e,F,6,T
36,fh,1.1887934,0,e,F,6,T
36,mh,1.1893667,0,g,T,6,T
36,ft,2.2420751,1,g,F,6,T
36,fh,1.0675335,1,g,F,6,T
36,mt,1.237375,0,g,F,6,T
36,fh,0.6973756,1,g,F,6,T
36,mt,1.1088585,0,g,F,6,T
36,fh,1.1883091,1,g,F,6,T
36,mt,1.9299892,0,g,F,6,T
36,ft,1.0371962,1,e,T,6,T
36,ft,0.9817145,1,e,F,6,T
36,mh,0.9364952,0,e,F,6,T
36,fh,0.6964473,0,e,F,6,T
36,mh,2.0354061,0,g,T,6,T
36,ft,1.3418068,1,g,F,6,T
36,mh,1.2314183,0,g,F,6,T
36,fh,1.4410601,1,g,F,6,T
36,mt,1.1349418,0,g,F,6,T
36,fh,2.9098302,0,e,T,6,T
36,mh,1.9062821,0,e,F,6,T
36,ft,1.2331435,1,e,F,6,T
36,ft,0.5686097,0,e,F,6,F
36,mt,0.6180218,1,e,F,6,T
36,fh,0.9065918,1,g,T,6,T
36,mh,0.9039511,0,g,F,6,T
36,ft,1.2305406,1,g,F,6,T
36,fh,1.2100117,1,g,F,6,T
36,mt,1.6566451,1,e,T,6,T
36,ft,1.2699107,1,e,F,6,T
36,ft,0.9055277,1,e,F,6,T
36,mt,0.69624,1,e,F,6,T
36,mt,0.592008,1,e,F,6,T
36,fh,1.6776155,1,g,T,6,T
36,mt,1.1280419,0,g,F,6,T
36,fh,0.8292122,1,g,F,6,T
36,mt,1.0986086,0,g,F,6,T
36,ft,0.94053,1,e,T,6,T
36,mh,2.5299055,0,e,F,6,T
36,fh,0.7618468,0,e,F,6,T
36,mh,0.8293099,0,e,F,6,T
36,fh,0.795639,0,e,F,6,T
36,ft,1.0983155,1,e,F,6,T
36,mh,1.3438682,0,e,F,6,T
36,fh,3.9668944,1,g,T,6,T
36,fh,0.7389405,1,g,F,6,T
36,ft,4.7372965,1,g,F,6,T
36,fh,0.8922756,1,g,F,6,T
36,mh,7.877033,1,e,T,6,F
36,fh,1.1316632,0,e,F,6,T
36,ft,0.8516258,1,e,F,6,T
36,mt,0.7548403,1,e,F,6,T
36,ft,1.7855889,1,g,T,6,T
36,mt,1.0978513,0,g,F,6,T
36,ft,1.5907076,1,g,F,6,T
36,mt,1.3145917,0,g,F,6,T
36,mh,1.9921266,0,g,F,6,T
36,mh,1.1413094,0,g,F,6,T
37,mh,0.8039309,0,g,F,1,T
37,fh,0.4390673,1,g,F,1,T
37,fh,0.9305515,1,g,F,1,T
37,mt,1.5913606,0,g,F,1,T
37,mt,0.8266431,0,g,F,1,T
37,mh,0.7344197,0,g,F,1,T
37,fh,0.5938089,1,g,F,1,T
37,ft,0.6144478,1,g,F,1,T
37,fh,0.6313498,1,g,F,1,T
37,ft,0.5038984,1,g,F,1,T
37,mh,0.5646743,0,g,F,1,T
37,mh,0.7252995,0,g,F,1,T
37,mt,0.6927403,0,g,F,1,T
37,ft,0.8570915,1,g,F,1,T
37,mt,0.7800706,0,g,F,1,T
37,fh,0.7901699,1,g,F,1,T
37,mh,2.5509581,0,g,F,1,T
37,ft,1.1131784,1,g,F,1,T
37,ft,1.1625441,1,g,F,1,T
37,mt,0.8238193,0,g,F,1,T
37,mh,0.6311142,0,e,F,2,T
37,mh,0.5881166,0,e,F,2,T
37,ft,0.4038421,1,e,F,2,T
37,mt,0.9841108,1,e,F,2,T
37,fh,0.550707,0,e,F,2,T
37,fh,0.6337081,0,e,F,2,T
37,mt,0.4694919,1,e,F,2,T
37,mh,0.5066902,0,e,F,2,T
37,fh,0.7048491,0,e,F,2,T
37,ft,0.5066256,1,e,F,2,T
37,mt,0.4426921,1,e,F,2,T
37,mh,0.712648,0,e,F,2,T
37,mt,0.6623103,1,e,F,2,T
37,ft,0.926729,1,e,F,2,T
37,ft,0.9877078,1,e,F,2,T
37,ft,1.1998104,1,e,F,2,T
37,mt,0.594489,1,e,F,2,T
37,fh,0.5305911,0,e,F,2,T
37,fh,0.5611853,0,e,F,2,T
37,mh,0.6759522,0,e,F,2,T
37,mh,4.2614096,0,e,F,3,T
37,mt,4.1777375,1,e,F,3,T
37,ft,5.2812621,1,e,F,3,T
37,mh,2.2050987,1,e,F,3,F
37,ft,1.9302704,0,e,F,3,F
37,mt,4.1548641,0,g,T,3,T
37,fh,1.8578687,1,g,F,3,T
37,mt,0.8379366,0,g,F,3,T
37,ft,1.4026327,1,g,F,3,F
37,ft,3.3511844,1,g,F,3,T
37,mt,2.7602523,0,g,F,3,T
37,fh,2.5945039,0,e,T,3,T
37,mt,0.9361179,1,e,F,3,T
37,ft,1.5725701,1,e,F,3,T
37,ft,0.882759,1,e,F,3,T
37,mh,2.506389,0,g,T,3,T
37,mt,1.3065751,0,g,F,3,T
37,mt,1.3657099,0,g,F,3,T
37,mt,0.6594245,0,g,F,3,T
37,ft,1.8754884,0,e,T,3,F
37,mh,1.3159481,0,e,F,3,T
37,ft,0.9240055,1,e,F,3,T
37,mh,0.7927957,1,e,F,3,F
37,mh,0.8465983,0,e,F,3,T
37,fh,1.9344521,1,g,T,3,T
37,fh,3.0250823,1,g,F,3,T
37,fh,1.3235514,1,g,F,3,T
37,ft,1.079832,1,g,F,3,T
37,mh,1.3520134,0,e,T,3,T
37,mh,1.5357732,0,e,F,3,T
37,fh,1.687487,0,e,F,3,T
37,mt,0.9820028,1,e,F,3,T
37,ft,1.0924978,1,g,T,3,T
37,mt,0.9570525,0,g,F,3,T
37,mh,0.8377556,0,g,F,3,T
37,mh,0.9832361,0,g,F,3,T
37,mh,0.8423521,0,g,F,3,T
37,mt,0.6765595,0,g,F,3,T
37,fh,1.7765084,1,g,F,3,T
37,mh,1.3684273,0,e,T,3,T
37,ft,0.9921872,1,e,F,3,T
37,mt,1.0989035,1,e,F,3,T
37,mt,1.0934104,1,e,F,3,T
37,mt,0.8891093,1,e,F,3,T
37,fh,1.5391329,1,g,T,3,T
37,mh,0.7915732,0,g,F,3,T
37,mh,1.2138447,0,g,F,3,T
37,mh,0.7646996,0,g,F,3,T
37,ft,0.8800707,1,e,T,3,T
37,mh,0.7843356,0,e,F,3,T
37,fh,1.3563825,0,e,F,3,T
37,ft,1.1244067,1,e,F,3,T
37,mt,1.7441438,1,g,T,3,F
37,mh,1.3652333,0,g,F,4,T
37,fh,1.1347645,1,g,F,4,T
37,mt,0.8968712,0,g,F,4,T
37,fh,1.277672,1,g,F,4,T
37,fh,0.8609875,1,g,F,4,T
37,mt,1.1142937,0,e,T,4,F
37,mt,2.3558495,1,e,F,4,T
37,mh,0.8498731,0,e,F,4,T
37,mh,1.012129,1,e,F,4,F
37,ft,3.1551841,1,g,T,4,T
37,fh,1.5524083,1,g,F,4,T
37,fh,0.7145701,1,g,F,4,T
37,ft,1.587666,1,g,F,4,T
37,mt,2.6200543,0,e,T,4,F
37,fh,2.2350788,1,e,F,4,F
37,fh,1.1043581,1,e,F,4,F
37,mt,3.8349506,1,e,F,4,T
37,ft,1.131413,1,e,F,4,T
37,mh,1.8223301,0,g,T,4,T
37,fh,1.3069373,1,g,F,4,T
37,ft,1.5732965,1,g,F,4,T
37,mh,1.962746,1,g,F,4,F
37,mh,1.441922,0,g,F,4,T
37,fh,1.3156508,1,g,F,4,T
37,mt,1.4859426,0,g,F,4,T
37,fh,1.1633902,1,g,F,4,T
37,mh,1.2554559,0,e,T,4,T
37,mh,1.2922341,0,e,F,4,T
37,ft,1.725032,1,e,F,4,T
37,mt,1.0210692,1,e,F,4,T
37,ft,1.1496345,1,g,T,4,T
37,mt,1.6961638,0,g,F,4,T
37,ft,0.9577775,1,g,F,4,T
37,fh,1.6176516,1,g,F,4,T
37,mh,1.2255308,0,g,F,4,T
37,fh,0.9737039,1,g,F,4,T
37,mh,1.1300709,1,g,F,4,F
37,ft,2.3940659,1,e,T,4,T
37,mh,1.4161174,0,e,F,4,T
37,mh,1.0825604,0,e,F,4,T
37,fh,1.3025466,0,e,F,4,T
37,ft,0.7976247,1,e,F,4,T
37,mh,1.1152904,0,g,T,4,T
37,mh,0.8108603,0,g,F,4,T
37,fh,0.8454468,1,g,F,4,T
37,mt,1.4521796,0,g,F,4,T
37,ft,1.5854217,1,e,T,4,T
37,mt,1.0190073,1,e,F,4,T
37,mh,1.0923385,0,e,F,4,T
37,fh,0.7104524,0,e,F,4,T
37,mt,1.566476,0,g,T,4,T
37,ft,1.2476552,0,g,F,4,F
37,mh,3.208676,0,g,F,4,T
37,ft,1.334791,1,g,F,4,T
37,mh,1.8091559,0,g,F,4,T
37,mt,1.1869202,0,g,F,4,T
37,mh,3.9666282,0,g,F,4,T
37,mt,0.8948689,0,g,F,4,T
37,mh,0.8483392,0,g,F,4,T
37,fh,1.4701644,0,e,T,4,T
37,fh,1.3503484,0,e,F,4,T
37,mh,1.0554333,0,e,F,4,T
37,ft,3.1363279,1,e,F,4,T
37,mt,0.7818997,1,e,F,4,T
37,ft,0.6854727,1,e,F,4,T
37,mh,0.9590274,0,e,F,4,T
37,fh,1.3033062,0,g,T,4,F
37,mh,0.9756837,0,g,F,5,T
37,ft,0.7014204,1,g,F,5,T
37,mh,1.086866,0,g,F,5,T
37,fh,1.8208682,0,e,T,5,T
37,mh,1.598194,0,e,F,5,T
37,mh,1.8674515,0,e,F,5,T
37,mh,1.4324552,0,e,F,5,T
37,ft,1.3569516,1,g,T,5,T
37,ft,1.2381555,1,g,F,5,T
37,fh,1.197827,1,g,F,5,T
37,mt,0.6793436,0,g,F,5,T
37,ft,0.9867792,1,g,F,5,T
37,mt,0.8751128,1,e,T,5,T
37,ft,0.9522374,1,e,F,5,T
37,mt,1.0134666,1,e,F,5,T
37,fh,1.2051745,0,e,F,5,T
37,mt,1.2295205,0,g,T,5,T
37,fh,0.9830056,1,g,F,5,T
37,mt,1.1727503,0,g,F,5,T
37,mh,0.9837387,0,g,F,5,T
37,ft,1.3324436,1,e,T,5,T
37,ft,2.2105177,1,e,F,5,T
37,fh,0.7435366,0,e,F,5,T
37,ft,0.713865,1,e,F,5,T
37,fh,1.3840682,0,e,F,5,T
37,fh,0.8314886,0,e,F,5,T
37,mt,1.5258945,0,g,T,5,T
37,ft,0.8066667,1,g,F,5,T
37,mt,0.7303531,1,g,F,5,F
37,fh,1.6148793,1,g,F,5,T
37,mt,1.3459663,1,e,T,5,T
37,mt,1.0623743,1,e,F,5,T
37,mh,1.0672422,1,e,F,5,F
37,mt,1.0690561,1,e,F,5,T
37,fh,2.0381508,1,g,T,5,T
37,mt,1.0922972,0,g,F,5,T
37,mt,1.1705806,0,g,F,5,T
37,ft,1.1995644,1,g,F,5,T
37,fh,1.5721278,1,g,F,5,T
37,mh,1.4356948,0,g,F,5,T
37,fh,2.0885316,0,e,T,5,T
37,fh,1.2896965,0,e,F,5,T
37,ft,1.5689673,1,e,F,5,T
37,mh,1.3376052,0,e,F,5,T
37,fh,0.9582978,1,g,T,5,T
37,fh,0.7971684,1,g,F,5,T
37,mt,0.8860856,0,g,F,5,T
37,fh,1.3098348,1,g,F,5,T
37,mt,2.5915943,1,e,T,5,T
37,fh,0.7435531,0,e,F,5,T
37,mt,0.8747686,1,e,F,5,T
37,mt,0.9344004,1,e,F,5,T
37,mt,0.765973,1,e,F,5,T
37,mh,1.2485916,0,e,F,5,T
37,fh,1.2413268,0,e,F,5,T
37,mh,1.435303,0,g,T,5,T
37,mh,1.3020279,0,g,F,6,T
37,mt,0.9447933,0,g,F,6,T
37,ft,1.1183653,1,g,F,6,T
37,mt,0.9884939,1,e,T,6,T
37,fh,1.077513,0,e,F,6,T
37,fh,1.5685166,0,e,F,6,T
37,mh,1.8603734,0,e,F,6,T
37,ft,1.0547765,1,g,T,6,T
37,fh,1.0991356,1,g,F,6,T
37,mh,1.4971679,0,g,F,6,T
37,mt,0.9163497,0,g,F,6,T
37,ft,0.8903327,1,g,F,6,T
37,ft,1.5334854,1,g,F,6,T
37,mt,1.1178412,0,g,F,6,T
37,fh,1.0669793,0,e,T,6,T
37,mh,0.9984593,0,e,F,6,T
37,ft,0.9048604,1,e,F,6,T
37,mt,0.8385085,1,e,F,6,T
37,ft,0.8263248,1,e,F,6,T
37,mt,1.0841873,0,g,T,6,T
37,fh,0.8406914,1,g,F,6,T
37,mh,1.3521894,0,g,F,6,T
37,ft,0.9405585,1,g,F,6,T
37,mt,1.5651168,0,g,F,6,T
37,fh,1.2629127,0,e,T,6,T
37,mt,1.2783655,1,e,F,6,T
37,fh,1.0387093,0,e,F,6,T
37,mt,1.0337,1,e,F,6,T
37,ft,1.1855761,1,g,T,6,T
37,mt,1.2146771,0,g,F,6,T
37,fh,1.4833152,1,g,F,6,T
37,ft,1.8549134,1,g,F,6,T
37,mh,1.7674727,0,e,T,6,T
37,fh,1.8994751,0,e,F,6,T
37,mh,1.0439694,0,e,F,6,T
37,fh,1.8291196,0,e,F,6,T
37,mh,1.5606523,0,e,F,6,T
37,fh,1.4957923,0,e,F,6,T
37,mh,1.767197,0,g,T,6,T
37,mh,0.8698303,0,g,F,6,T
37,fh,0.8839926,1,g,F,6,T
37,fh,0.8932422,1,g,F,6,T
37,mh,2.7672857,0,e,T,6,T
37,mh,1.0674575,0,e,F,6,T
37,mh,1.0270564,0,e,F,6,T
37,mt,0.7683855,1,e,F,6,T
37,fh,1.4186169,1,g,T,6,T
37,fh,0.9400857,1,g,F,6,T
37,ft,1.1079641,0,g,F,6,F
37,mt,1.6445582,0,g,F,6,T
37,mt,0.8409249,0,g,F,6,T
37,mt,0.881632,0,g,F,6,T
37,ft,1.5486043,1,e,T,6,T
37,ft,0.9201345,1,e,F,6,T
37,mh,0.7777548,0,e,F,6,T
37,mh,1.1565764,0,e,F,6,T
37,fh,1.0756945,0,e,F,6,T
37,mh,0.9472696,0,g,T,6,T
37,mt,0.8507697,0,g,F,6,T
37,ft,0.8326613,1,g,F,6,T
37,ft,1.3212994,1,g,F,6,T
37,mh,1.5204846,0,e,T,6,T
37,mh,1.0063891,0,e,F,6,T
37,mt,1.316545,1,e,F,6,T
39,mh,1.2295397,1,e,F,1,F
39,mt,2.1050061,0,e,F,1,F
39,ft,3.4276672,1,e,F,1,T
39,fh,0.8399987,0,e,F,1,T
39,ft,0.7609273,1,e,F,1,T
39,mt,0.9930682,1,e,F,1,T
39,mt,0.7691328,1,e,F,1,T
39,mh,0.6275562,0,e,F,1,T
39,fh,1.6279642,1,e,F,1,F
39,fh,3.3655162,0,e,F,1,T
39,ft,0.640273,1,e,F,1,T
39,ft,0.8989286,1,e,F,1,T
39,ft,0.9741525,1,e,F,1,T
39,mh,0.850471,0,e,F,1,T
39,fh,0.5329676,0,e,F,1,T
39,mh,0.5376104,0,e,F,1,T
39,mt,0.5587785,1,e,F,1,T
39,fh,0.3908518,0,e,F,1,T
39,mt,0.6063579,1,e,F,1,T
39,mh,0.5068345,0,e,F,1,T
39,ft,0.8947129,1,g,F,2,T
39,mt,0.7010591,0,g,F,2,T
39,mt,1.9669548,0,g,F,2,T
39,mt,0.9120093,0,g,F,2,T
39,ft,0.8911998,1,g,F,2,T
39,ft,1.2005822,1,g,F,2,T
39,fh,0.675308,1,g,F,2,T
39,mh,1.338629,0,g,F,2,T
39,mt,0.6024088,0,g,F,2,T
39,ft,1.3360455,1,g,F,2,T
39,fh,0.6238156,1,g,F,2,T
39,mh,0.8042828,0,g,F,2,T
39,mh,0.587195,0,g,F,2,T
39,ft,1.0237796,1,g,F,2,T
39,fh,0.6999499,1,g,F,2,T
39,mh,2.7255445,0,g,F,2,T
39,mt,0.9062204,0,g,F,2,T
39,fh,0.6781359,1,g,F,2,T
39,mh,0.6176639,0,g,F,2,T
39,fh,0.6138545,1,g,F,2,T
39,mh,5.1072681,0,g,F,3,T
39,ft,1.3626623,1,g,F,3,T
39,mh,1.4516526,0,g,F,3,T
39,mt,0.8435655,0,g,F,3,T
39,ft,0.813911,0,g,F,3,F
39,mt,2.6299179,1,e,T,3,T
39,fh,1.8888561,0,e,F,3,T
39,mh,1.1968565,1,e,F,3,F
39,ft,4.7402809,1,e,F,3,T
39,mh,2.123371,0,g,T,3,T
39,mt,2.5656753,0,g,F,3,T
39,mt,1.9294992,0,g,F,3,T
39,fh,1.2106101,1,g,F,3,T
39,mh,2.6146908,0,e,T,3,T
39,mt,1.6908197,1,e,F,3,T
39,fh,0.932959,0,e,F,3,T
39,mt,1.3724091,1,e,F,3,T
39,mt,1.2281317,1,e,F,3,T
39,ft,0.8396173,1,e,F,3,T
39,ft,0.8455345,1,e,F,3,T
39,mh,2.4777104,0,g,T,3,T
39,mt,0.7923788,0,g,F,3,T
39,fh,0.7866805,1,g,F,3,T
39,fh,1.0312049,1,g,F,3,T
39,mt,2.2609436,1,e,T,3,T
39,ft,1.2919694,1,e,F,3,T
39,ft,0.8437463,1,e,F,3,T
39,ft,1.4084543,1,e,F,3,T
39,mh,1.7814117,0,g,T,3,T
39,ft,2.4530178,1,g,F,3,T
39,ft,1.4366773,1,g,F,3,T
39,mt,0.947639,0,g,F,3,T
39,mt,1.2021069,0,g,F,3,T
39,mh,0.9707113,0,g,F,3,T
39,mh,0.8736846,0,g,F,3,T
39,fh,0.6419114,0,e,T,3,T
39,fh,0.6664995,0,e,F,3,T
39,ft,6.0763675,0,e,F,3,F
39,ft,4.0055303,1,e,F,3,T
39,fh,0.6844289,0,e,F,3,T
39,mh,1.0035393,0,g,T,3,T
39,mh,0.8147115,0,g,F,3,T
39,mh,0.8402415,0,g,F,3,T
39,mt,1.1851024,0,g,F,3,T
39,fh,4.0043389,0,e,T,3,T
39,mt,4.2547225,1,e,F,3,T
39,mt,1.1424652,1,e,F,3,T
39,ft,0.8072764,1,e,F,3,T
39,mt,0.9777083,0,g,T,3,T
39,mh,1.2012053,0,g,F,3,T
39,ft,1.4706297,1,g,F,3,T
39,mh,1.1655473,0,g,F,3,T
39,ft,1.3577516,1,g,F,3,T
39,mt,3.3369898,1,e,T,3,T
39,fh,27.2245272,0,e,F,4,T
39,fh,1.2972024,0,e,F,4,T
39,mh,0.878011,0,e,F,4,T
39,ft,3.4388854,1,g,T,4,T
39,mt,0.7882889,0,g,F,4,T
39,mh,1.3723547,0,g,F,4,T
39,ft,1.7613329,1,g,F,4,T
39,mh,3.0247474,0,e,T,4,T
39,mh,1.478143,0,e,F,4,T
39,mt,1.3146983,1,e,F,4,T
39,fh,1.0699261,0,e,F,4,T
39,mt,1.3292105,1,e,F,4,T
39,mh,1.4201891,0,e,F,4,T
39,mh,1.1243371,0,e,F,4,T
39,fh,2.0133134,1,g,T,4,T
39,mt,1.7397631,0,g,F,4,T
39,fh,1.1582555,1,g,F,4,T
39,mt,1.0293024,0,g,F,4,T
39,ft,4.4703975,1,e,T,4,T
39,mh,1.5010849,0,e,F,4,T
39,mt,3.0245133,1,e,F,4,T
39,ft,2.6044149,1,e,F,4,T
39,mt,1.1138687,0,g,T,4,T
39,fh,1.617793,1,g,F,4,T
39,mt,1.2370085,0,g,F,4,T
39,fh,1.3534892,1,g,F,4,T
39,fh,0.8118448,1,g,F,4,T
39,mh,3.1341444,0,e,T,4,T
39,mh,1.2920181,0,e,F,4,T
39,ft,3.205303,1,e,F,4,T
39,mt,1.4700262,1,e,F,4,T
39,ft,2.2274651,1,e,F,4,T
39,ft,0.9816495,1,e,F,4,T
39,mt,0.8569584,1,e,F,4,T
39,mt,1.154848,1,e,F,4,T
39,ft,1.3154609,1,g,T,4,T
39,ft,7.0328664,1,g,F,4,T
39,mt,1.8034099,0,g,F,4,T
39,mt,1.2161823,0,g,F,4,T
39,ft,2.2456663,1,e,T,4,T
39,ft,2.6455882,1,e,F,4,T
39,ft,0.9803324,1,e,F,4,T
39,mh,1.3937836,0,e,F,4,T
39,mh,1.2159392,0,e,F,4,T
39,mh,0.831528,0,e,F,4,T
39,ft,1.5298462,1,g,T,4,T
39,fh,0.7815401,1,g,F,4,T
39,mh,1.0889208,0,g,F,4,T
39,mt,1.0531602,0,g,F,4,T
39,ft,2.2253422,1,e,T,4,T
39,fh,2.0977298,0,e,F,4,T
39,mh,1.5852102,1,e,F,4,F
39,fh,2.2945908,0,e,F,4,T
39,ft,2.0913234,1,e,F,4,T
39,mt,1.3591432,0,g,T,4,T
39,ft,1.2029147,1,g,F,4,T
39,ft,1.1115819,1,g,F,4,T
39,ft,1.0206581,1,g,F,4,T
39,mt,2.4091138,1,e,T,4,T
39,fh,10.0973697,0,e,F,5,T
39,fh,1.2273257,0,e,F,5,T
39,mh,1.5828648,0,e,F,5,T
39,ft,3.1277133,1,g,T,5,T
39,mt,1.1290108,0,g,F,5,T
39,ft,1.8777398,1,g,F,5,T
39,ft,2.0831126,1,g,F,5,T
39,mh,1.4553928,0,g,F,5,T
39,ft,5.8540299,1,e,T,5,T
39,ft,1.1376129,1,e,F,5,T
39,fh,1.2186538,0,e,F,5,T
39,mh,2.0660335,1,e,F,5,F
39,mt,1.3852114,0,e,F,5,F
39,ft,1.9480373,1,g,T,5,T
39,mh,1.0426372,0,g,F,5,T
39,ft,1.3096257,1,g,F,5,T
39,mh,1.4190712,0,g,F,5,T
39,mt,1.9617391,0,g,F,5,T
39,mh,1.1489341,0,g,F,5,T
39,fh,1.9568986,0,e,T,5,T
39,fh,1.0558388,0,e,F,5,T
39,mh,1.4721538,0,e,F,5,T
39,ft,1.6112534,1,e,F,5,T
39,mh,1.298199,0,e,F,5,T
39,fh,1.239917,1,g,T,5,T
39,mt,1.3213846,0,g,F,5,T
39,mt,1.264438,0,g,F,5,T
39,fh,1.5052632,1,g,F,5,T
39,mt,3.3410925,1,e,T,5,T
39,ft,2.7762166,1,e,F,5,T
39,mh,1.6565449,0,e,F,5,T
39,fh,1.7007722,0,e,F,5,T
39,mt,2.3783406,0,g,T,5,T
39,mt,1.2628345,0,g,F,5,T
39,mh,0.7870829,0,g,F,5,T
39,mt,1.041897,0,g,F,5,T
39,mh,0.857718,0,g,F,5,T
39,mh,0.8481212,0,g,F,5,T
39,fh,0.6398003,1,g,F,5,T
39,ft,1.6107743,1,g,F,5,T
39,mh,2.1964748,0,e,T,5,T
39,mh,1.1050326,0,e,F,5,T
39,ft,1.5518953,1,e,F,5,T
39,mt,1.3478965,1,e,F,5,T
39,fh,1.5483583,1,g,T,5,T
39,mh,1.3577374,0,g,F,5,T
39,fh,4.1307629,1,g,F,5,T
39,ft,1.9012659,1,g,F,5,T
39,mh,2.5966256,0,e,T,5,T
39,fh,1.7781541,0,e,F,5,T
39,ft,3.6310093,1,e,F,5,T
39,ft,1.2727788,1,e,F,5,T
39,mh,1.2137267,0,e,F,5,T
39,mt,2.8384977,1,e,F,5,T
39,ft,2.0505942,1,g,T,5,T
39,fh,1.6320087,1,g,F,5,T
39,mh,1.103543,0,g,F,5,T
39,ft,1.180498,1,g,F,5,T
39,mt,0.7760356,0,g,F,5,T
39,fh,1.9973444,0,e,T,5,T
39,mh,8.3469795,0,e,F,6,T
39,ft,2.6945767,1,e,F,6,T
39,fh,1.1588034,0,e,F,6,T
39,mt,1.6005514,0,g,T,6,T
39,fh,1.7823629,1,g,F,6,T
39,fh,1.2945067,1,g,F,6,T
39,fh,8.7863956,0,g,F,6,F
39,mt,2.8626301,1,e,T,6,T
39,ft,2.9671188,1,e,F,6,T
39,mt,1.1972346,1,e,F,6,T
39,mt,1.0378081,1,e,F,6,T
39,mt,1.5881461,1,e,F,6,T
39,ft,1.745698,1,e,F,6,T
39,fh,0.9898705,0,e,F,6,T
39,fh,2.1615993,0,e,F,6,T
39,mt,1.3154383,1,e,F,6,T
39,fh,1.2390521,1,g,T,6,T
39,mh,1.0189073,0,g,F,6,T
39,fh,0.9776799,1,g,F,6,T
39,mh,0.8652131,0,g,F,6,T
39,fh,1.9815018,0,e,T,6,T
39,mt,2.8489952,1,e,F,6,T
39,mt,1.0568546,1,e,F,6,T
39,mt,0.8804954,1,e,F,6,T
39,fh,1.0629629,0,e,F,6,T
39,mh,1.0303008,0,g,T,6,T
39,mh,1.1591955,0,g,F,6,T
39,mh,1.0805738,0,g,F,6,T
39,ft,1.5049576,1,g,F,6,T
39,fh,0.9018304,1,g,F,6,T
39,mh,2.3701316,0,e,T,6,T
39,mt,2.452091,1,e,F,6,T
39,fh,3.4226139,0,e,F,6,T
39,mh,1.9234238,1,e,F,6,F
39,mt,3.009474,1,e,F,6,T
39,fh,1.5321213,0,e,F,6,T
39,mh,1.9059624,0,g,T,6,T
39,mh,1.2471355,0,g,F,6,T
39,fh,1.4235928,1,g,F,6,T
39,mt,1.0848542,0,g,F,6,T
39,fh,4.4683034,0,e,T,6,T
39,ft,6.9465185,1,e,F,6,T
39,mh,1.9695084,0,e,F,6,T
39,ft,1.2599142,1,e,F,6,T
39,fh,1.2973883,0,e,F,6,T
39,mt,12.5473026,0,e,F,6,F
39,fh,1.4345266,1,g,T,6,T
39,fh,1.9402881,1,g,F,6,T
39,ft,2.7649404,1,g,F,6,T
39,mh,1.1026209,0,g,F,6,T
39,ft,1.7113092,1,e,T,6,T
39,mh,1.8267929,0,e,F,6,T
39,mh,1.7394354,0,e,F,6,T
39,mh,1.1682226,0,e,F,6,T
39,fh,2.0993947,1,g,T,6,T
39,fh,1.2011494,1,g,F,6,T
39,ft,1.5669726,1,g,F,6,T
39,mt,1.2377496,0,g,F,6,T
39,mh,0.7419046,0,g,F,6,T
39,ft,2.1218253,1,e,T,6,T
39,mh,1.7418634,0,e,F,6,T
39,fh,1.6122658,0,e,F,6,T
39,mt,2.8293398,1,e,F,6,T
39,fh,1.5876555,0,e,F,6,T
39,mt,1.5560362,0,g,T,6,T
39,mt,1.4098964,0,g,F,6,T
39,mh,1.2805923,0,g,F,6,T
44,mh,0.8107881,0,e,F,1,T
44,mt,0.8487299,1,e,F,1,T
44,mt,0.5651415,1,e,F,1,T
44,fh,0.8397299,0,e,F,1,T
44,mt,0.8665043,1,e,F,1,T
44,mh,0.8181753,0,e,F,1,T
44,fh,1.0683889,0,e,F,1,T
44,ft,1.0630632,1,e,F,1,T
44,mh,0.7115513,0,e,F,1,T
44,ft,1.018857,1,e,F,1,T
44,fh,0.694053,0,e,F,1,T
44,mh,0.7158815,0,e,F,1,T
44,mt,0.9555205,1,e,F,1,T
44,ft,0.1997679,0,e,F,1,F
44,fh,0.7686272,0,e,F,1,T
44,ft,1.0519937,1,e,F,1,T
44,mh,0.7456844,0,e,F,1,T
44,fh,1.1341867,0,e,F,1,T
44,ft,0.9933735,1,e,F,1,T
44,mt,0.7620292,1,e,F,1,T
44,mh,0.7454543,0,g,F,2,T
44,mt,0.9794521,0,g,F,2,T
44,ft,0.7045542,1,g,F,2,T
44,fh,0.8737326,1,g,F,2,T
44,mh,0.8391916,0,g,F,2,T
44,fh,0.885596,1,g,F,2,T
44,mh,0.7326435,0,g,F,2,T
44,mt,0.865035,0,g,F,2,T
44,fh,2.1341205,1,g,F,2,T
44,mt,1.0508006,0,g,F,2,T
44,mt,0.8300504,0,g,F,2,T
44,mh,0.8031637,0,g,F,2,T
44,fh,1.5731977,1,g,F,2,T
44,ft,1.8194989,1,g,F,2,T
44,ft,1.1249772,1,g,F,2,T
44,ft,1.1765298,1,g,F,2,T
44,mh,1.2360249,0,g,F,2,T
44,fh,1.1799707,1,g,F,2,T
44,mt,1.3862231,0,g,F,2,T
44,ft,1.3635657,1,g,F,2,T
44,mh,1.0812611,0,g,F,3,T
44,ft,0.9439232,1,g,F,3,T
44,mh,0.8725207,0,g,F,3,T
44,ft,0.9089218,1,g,F,3,T
44,mt,1.2029482,1,e,T,3,T
44,mh,1.3930142,0,e,F,3,T
44,fh,2.6573284,0,e,F,3,T
44,mh,1.0067669,0,e,F,3,T
44,fh,2.051222,1,g,T,3,T
44,ft,1.747748,1,g,F,3,T
44,mt,1.3790913,0,g,F,3,T
44,ft,1.210566,1,g,F,3,T
44,mt,1.7205401,1,e,T,3,T
44,mt,1.6807708,1,e,F,3,T
44,mh,1.2973115,0,e,F,3,T
44,mt,1.4728736,1,e,F,3,T
44,mt,0.9843544,1,e,F,3,T
44,mh,1.0424893,0,e,F,3,T
44,fh,1.5194874,1,g,T,3,T
44,mh,0.9668532,0,g,F,3,T
44,fh,1.1744491,1,g,F,3,T
44,mh,1.2039002,0,g,F,3,T
44,fh,1.5239252,0,e,T,3,T
44,mh,2.3950893,0,e,F,3,T
44,ft,1.6684508,1,e,F,3,T
44,ft,1.0118099,1,e,F,3,T
44,ft,0.8748859,1,e,F,3,T
44,mt,1.1580095,1,e,F,3,T
44,mh,1.0325497,0,e,F,3,T
44,fh,1.295661,0,e,F,3,T
44,mt,1.9572418,0,g,T,3,T
44,mt,1.5560434,0,g,F,3,T
44,mt,1.1765864,0,g,F,3,T
44,ft,0.95228,1,g,F,3,T
44,mh,1.3531276,0,e,T,3,T
44,mh,1.2900509,0,e,F,3,T
44,mh,1.061816,0,e,F,3,T
44,mh,0.8478028,0,e,F,3,T
44,ft,1.1279114,1,e,F,3,T
44,mh,1.2463685,0,g,T,3,T
44,mt,1.382353,0,g,F,3,T
44,ft,1.101256,1,g,F,3,T
44,mh,1.179625,0,g,F,3,T
44,fh,1.4705667,0,e,T,3,T
44,ft,1.3978857,1,e,F,3,T
44,ft,1.3462987,1,e,F,3,T
44,ft,1.1368119,1,e,F,3,T
44,mh,0.9772126,0,g,T,3,T
44,ft,1.6288851,1,g,F,3,T
44,ft,1.512791,1,g,F,3,T
44,mt,1.3586686,0,g,F,3,T
44,fh,0.8378836,0,g,F,3,F
44,mt,1.4164044,1,e,T,3,T
44,mh,1.2347868,0,e,F,4,T
44,fh,1.0329266,0,e,F,4,T
44,mt,1.1552361,1,e,F,4,T
44,fh,1.6216731,1,g,T,4,T
44,mt,1.0330497,0,g,F,4,T
44,mt,1.1222737,0,g,F,4,T
44,mt,0.790029,0,g,F,4,T
44,fh,1.2448694,0,e,T,4,T
44,ft,1.1795576,1,e,F,4,T
44,mh,1.187397,0,e,F,4,T
44,mh,1.1241883,0,e,F,4,T
44,mh,0.801483,0,e,F,4,T
44,ft,0.9367127,1,e,F,4,T
44,fh,1.1041963,0,e,F,4,T
44,mh,0.9737229,0,g,T,4,T
44,mt,1.0613966,0,g,F,4,T
44,ft,1.0635733,1,g,F,4,T
44,mh,0.918722,0,g,F,4,T
44,ft,1.2203255,1,e,T,4,T
44,fh,1.3527704,0,e,F,4,T
44,fh,1.0421892,0,e,F,4,T
44,mh,0.9857773,0,e,F,4,T
44,fh,1.1544312,1,g,T,4,T
44,fh,1.3038061,1,g,F,4,T
44,fh,1.4345277,1,g,F,4,T
44,mt,1.2300375,0,g,F,4,T
44,fh,1.2639577,1,g,F,4,T
44,ft,1.4423574,1,g,F,4,T
44,ft,1.2351206,1,g,F,4,T
44,mt,1.622985,1,e,T,4,T
44,ft,1.5511891,1,e,F,4,T
44,mt,1.205199,1,e,F,4,T
44,mt,1.4010549,1,e,F,4,T
44,fh,1.565927,1,g,T,4,T
44,fh,1.3327132,1,g,F,4,T
44,ft,1.0944096,1,g,F,4,T
44,ft,1.1560814,1,g,F,4,T
44,mh,1.0545148,0,g,F,4,T
44,fh,1.234549,0,e,T,4,T
44,mh,1.1238954,0,e,F,4,T
44,mt,1.492664,1,e,F,4,T
44,ft,1.5172717,1,e,F,4,T
44,mt,1.0084141,0,g,T,4,T
44,mh,0.9726471,0,g,F,4,T
44,mh,0.8631353,0,g,F,4,T
44,fh,1.9446279,1,g,F,4,T
44,mh,1.0641025,0,g,F,4,T
44,mh,1.1169671,0,g,F,4,T
44,mh,1.4115883,0,g,F,4,T
44,ft,1.6770502,1,e,T,4,T
44,mt,1.3706394,1,e,F,4,T
44,mh,0.9316385,0,e,F,4,T
44,fh,1.1943409,0,e,F,4,T
44,ft,1.1609666,1,e,F,4,T
44,ft,1.0814303,1,e,F,4,T
44,mt,1.4918469,0,g,T,4,T
44,ft,1.1161386,1,g,F,4,T
44,fh,1.2294864,1,g,F,4,T
44,fh,1.0111619,1,g,F,4,T
44,mh,1.5003021,0,e,T,4,T
44,fh,1.8595693,0,e,F,5,T
44,ft,1.1932437,1,e,F,5,T
44,ft,1.0059693,1,e,F,5,T
44,fh,1.3325407,0,e,F,5,T
44,mt,0.895141,1,e,F,5,T
44,ft,2.2945007,1,g,T,5,T
44,ft,1.3533638,1,g,F,5,T
44,mh,1.1329985,0,g,F,5,T
44,fh,1.3003336,1,g,F,5,T
44,mh,1.294777,0,e,T,5,T
44,fh,2.8691238,0,e,F,5,T
44,ft,1.1991783,1,e,F,5,T
44,ft,1.0886745,1,e,F,5,T
44,mt,1.2010473,1,e,F,5,T
44,mh,0.8364843,0,e,F,5,T
44,ft,1.308684,1,g,T,5,T
44,fh,1.6564486,1,g,F,5,T
44,fh,2.576275,1,g,F,5,T
44,mt,1.5929849,0,g,F,5,T
44,ft,1.136234,1,e,T,5,T
44,mt,1.3093392,1,e,F,5,T
44,mt,1.1296174,1,e,F,5,T
44,mt,0.8117357,1,e,F,5,T
44,ft,2.456302,1,g,T,5,T
44,mt,1.9012514,0,g,F,5,T
44,fh,1.6028453,1,g,F,5,T
44,fh,1.6888654,1,g,F,5,T
44,mt,1.204726,0,g,F,5,T
44,mt,1.2847328,0,g,F,5,T
44,fh,1.5281216,0,e,T,5,T
44,mt,1.6639231,1,e,F,5,T
44,mh,1.6546257,0,e,F,5,T
44,fh,2.0460652,0,e,F,5,T
44,ft,2.6304837,1,e,F,5,T
44,mh,1.3565849,0,g,T,5,T
44,fh,1.1598877,1,g,F,5,T
44,fh,2.4760735,1,g,F,5,T
44,fh,1.0089171,1,g,F,5,T
44,ft,1.3220722,1,g,F,5,T
44,fh,1.6008912,1,g,F,5,T
44,mh,1.4035617,0,e,T,5,T
44,mt,1.7579013,1,e,F,5,T
44,fh,2.6711466,0,e,F,5,T
44,fh,1.5335736,0,e,F,5,T
44,mh,1.7383793,0,g,T,5,T
44,mh,0.7773631,0,g,F,5,T
44,ft,1.7982966,1,g,F,5,T
44,ft,1.6909693,1,g,F,5,T
44,mh,1.2473333,0,e,T,5,T
44,fh,2.0601607,0,e,F,5,T
44,fh,1.1938675,0,e,F,5,T
44,ft,1.3448814,1,e,F,5,T
44,mt,1.8327938,1,e,F,5,T
44,fh,1.3971257,1,g,T,5,T
44,ft,1.1517549,1,g,F,5,T
44,ft,2.0231318,1,g,F,5,T
44,ft,1.0308779,1,g,F,5,T
44,fh,2.9030606,1,g,F,5,T
44,mt,1.063563,0,g,F,5,T
44,mt,1.1435039,0,g,F,5,T
44,ft,1.2716638,1,e,T,5,T
44,ft,2.0472225,1,e,F,6,T
44,fh,1.0434472,0,e,F,6,T
44,fh,0.9521034,0,e,F,6,T
44,mh,1.1440844,0,g,T,6,T
44,mt,1.1545308,0,g,F,6,T
44,mt,0.8063006,0,g,F,6,T
44,ft,0.8102881,1,g,F,6,T
44,mh,1.1595077,0,e,T,6,T
44,fh,1.1321691,0,e,F,6,T
44,fh,0.8333239,0,e,F,6,T
44,ft,1.0819913,1,e,F,6,T
44,ft,2.6839808,1,e,F,6,T
44,fh,0.8219228,0,e,F,6,T
44,mt,0.776959,0,g,T,6,T
44,ft,1.5752758,1,g,F,6,T
44,ft,2.6412269,0,g,F,6,F
44,fh,1.354635,1,g,F,6,T
44,mt,1.4342356,1,e,T,6,T
44,fh,0.7961334,0,e,F,6,T
44,mh,0.9404304,0,e,F,6,T
44,mh,0.6762735,0,e,F,6,T
44,mh,0.7404885,0,e,F,6,T
44,mh,0.9016122,0,e,F,6,T
44,ft,1.2372046,1,g,T,6,T
44,mh,0.7480422,0,g,F,6,T
44,fh,3.0333213,0,g,F,6,F
44,fh,1.410434,0,g,F,6,F
44,mt,1.4216202,1,e,T,6,T
44,mh,0.9493671,0,e,F,6,T
44,mt,0.9269465,1,e,F,6,T
44,mh,1.1511719,0,e,F,6,T
44,mh,0.7505014,0,e,F,6,T
44,mh,0.8249616,0,e,F,6,T
44,mh,1.1138599,0,e,F,6,T
44,ft,0.9252488,1,g,T,6,T
44,mt,1.5675373,0,g,F,6,T
44,mt,1.2533711,0,g,F,6,T
44,mt,1.1496005,0,g,F,6,T
44,fh,1.3977053,0,e,T,6,T
44,fh,1.7704082,0,e,F,6,T
44,ft,0.8627381,1,e,F,6,T
44,fh,0.8279682,0,e,F,6,T
44,mt,1.1675684,1,e,F,6,T
44,ft,1.6471265,1,g,T,6,T
44,ft,1.3142055,1,g,F,6,T
44,fh,1.4909618,1,g,F,6,T
44,mh,0.9798127,0,g,F,6,T
44,ft,1.5283413,1,e,T,6,T
44,mh,1.4476534,0,e,F,6,T
44,mh,0.8282137,0,e,F,6,T
44,mh,0.9484769,0,e,F,6,T
44,ft,1.180874,1,e,F,6,T
44,mt,1.1204062,0,g,T,6,T
44,ft,1.0564732,1,g,F,6,T
44,fh,0.8157473,1,g,F,6,T
44,mh,1.072161,0,g,F,6,T
44,mt,1.1644224,0,g,F,6,T
44,ft,1.5236707,1,e,T,6,T
44,mh,0.7350131,0,e,F,6,T
44,fh,1.1046382,0,e,F,6,T
44,fh,0.9861158,0,e,F,6,T
44,mt,1.085875,0,g,T,6,T
44,mt,0.8006998,0,g,F,6,T
44,fh,1.0748155,1,g,F,6,T
44,ft,0.9462089,1,g,F,6,T
44,ft,0.9366414,1,g,F,6,T
57,mt,1.3078583,1,e,F,1,T
57,fh,0.6709123,0,e,F,1,T
57,mh,0.6512616,0,e,F,1,T
57,fh,0.7472517,0,e,F,1,T
57,mt,0.7219498,1,e,F,1,T
57,mt,1.0360753,1,e,F,1,T
57,ft,0.9300976,1,e,F,1,T
57,ft,1.0870793,1,e,F,1,T
57,ft,1.3768272,1,e,F,1,T
57,mh,0.6422444,0,e,F,1,T
57,fh,0.6926619,0,e,F,1,T
57,mt,1.1053995,1,e,F,1,T
57,mt,0.857403,1,e,F,1,T
57,ft,1.1010855,1,e,F,1,T
57,mh,1.9533642,0,e,F,1,T
57,mh,0.8372795,0,e,F,1,T
57,ft,1.1357837,1,e,F,1,T
57,fh,0.9930397,0,e,F,1,T
57,fh,0.8141172,0,e,F,1,T
57,mh,0.6933913,0,e,F,1,T
57,ft,0.6788769,1,g,F,2,T
57,fh,0.586828,1,g,F,2,T
57,mt,0.6695509,0,g,F,2,T
57,fh,0.7780638,1,g,F,2,T
57,fh,0.8825487,1,g,F,2,T
57,mh,0.5393285,0,g,F,2,T
57,mt,0.5629981,0,g,F,2,T
57,mh,2.4396717,0,g,F,2,T
57,mt,1.5708598,0,g,F,2,T
57,fh,0.950836,1,g,F,2,T
57,ft,0.7983932,1,g,F,2,T
57,ft,0.6142837,1,g,F,2,T
57,mh,0.6731208,0,g,F,2,T
57,fh,0.7662564,1,g,F,2,T
57,ft,0.9801345,1,g,F,2,T
57,mh,0.6146508,0,g,F,2,T
57,ft,0.8508534,1,g,F,2,T
57,mh,1.3704142,0,g,F,2,T
57,mt,0.6893331,0,g,F,2,T
57,mt,0.731415,0,g,F,2,T
57,fh,1.2899563,0,e,F,3,T
57,fh,4.0907728,0,e,F,3,T
57,mh,1.3570658,0,e,F,3,T
57,fh,0.7674024,1,g,T,3,T
57,mh,0.7565342,0,g,F,3,T
57,mt,1.7330661,0,g,F,3,T
57,ft,2.854512,1,g,F,3,T
57,mh,1.8820487,0,e,T,3,T
57,mt,2.3690439,1,e,F,3,T
57,fh,1.9032088,0,e,F,3,T
57,mt,2.111836,1,e,F,3,T
57,fh,1.2616778,0,e,F,3,T
57,mh,1.1327103,0,g,T,3,T
57,ft,0.8906805,1,g,F,3,T
57,ft,1.1921562,1,g,F,3,T
57,ft,1.0374489,1,g,F,3,T
57,mt,1.5324972,1,e,T,3,T
57,ft,1.2080213,1,e,F,3,T
57,ft,0.9708448,1,e,F,3,T
57,ft,1.057855,1,e,F,3,T
57,mh,1.4843893,0,g,T,3,T
57,ft,1.5305175,1,g,F,3,T
57,mt,1.9105749,0,g,F,3,T
57,ft,1.132462,1,g,F,3,T
57,mh,1.098778,0,g,F,3,T
57,mh,0.8471871,0,g,F,3,T
57,ft,1.6890671,1,e,T,3,T
57,fh,0.8852132,0,e,F,3,T
57,mh,1.1538201,0,e,F,3,T
57,mh,1.5466803,0,e,F,3,T
57,ft,1.6135909,1,g,T,3,T
57,mt,1.121065,0,g,F,3,T
57,ft,1.1646166,1,g,F,3,T
57,ft,1.0961669,1,g,F,3,T
57,mt,1.5940017,1,e,T,3,T
57,mh,0.8925492,0,e,F,3,T
57,fh,1.7218143,0,e,F,3,T
57,fh,1.9559223,0,e,F,3,T
57,ft,1.0405129,1,e,F,3,T
57,fh,1.5205666,0,e,F,3,T
57,mt,2.0305981,0,g,T,3,T
57,mt,0.8695173,0,g,F,3,T
57,ft,1.1504929,1,g,F,3,T
57,mh,0.983895,0,g,F,3,T
57,fh,1.6073997,0,e,T,3,T
57,fh,1.2313774,0,e,F,3,T
57,mt,1.4063514,1,e,F,3,T
57,ft,1.6933046,1,e,F,3,T
57,ft,1.0309006,1,e,F,3,T
57,mh,1.199101,0,e,F,3,T
57,fh,1.6360308,0,e,F,3,T
57,mt,1.8162346,1,e,F,3,T
57,fh,1.7650574,1,g,T,3,T
57,mh,1.7350433,0,g,F,4,T
57,fh,0.8725583,1,g,F,4,T
57,mt,0.9455872,0,g,F,4,T
57,ft,1.3084894,1,e,T,4,T
57,mh,2.0653135,1,e,F,4,F
57,ft,1.3707042,1,e,F,4,T
57,ft,0.9402517,1,e,F,4,T
57,ft,1.1882839,1,e,F,4,T
57,mh,1.2502258,0,e,F,4,T
57,fh,1.1256454,1,g,T,4,T
57,mh,1.0236707,0,g,F,4,T
57,fh,0.838606,1,g,F,4,T
57,mt,0.8930254,0,g,F,4,T
57,ft,1.2657715,1,e,T,4,T
57,mh,1.0221795,0,e,F,4,T
57,fh,0.8823354,1,e,F,4,F
57,ft,1.4860503,1,e,F,4,T
57,ft,1.1981355,1,e,F,4,T
57,mt,1.381323,0,g,T,4,T
57,ft,1.0421141,1,g,F,4,T
57,ft,1.7741422,1,g,F,4,T
57,mh,0.8269093,0,g,F,4,T
57,fh,1.7934632,0,e,T,4,T
57,mh,0.8200452,0,e,F,4,T
57,mt,1.3047719,1,e,F,4,T
57,ft,1.4066519,1,e,F,4,T
57,mt,1.6994135,0,g,T,4,T
57,ft,1.3117602,1,g,F,4,T
57,mh,0.8918757,0,g,F,4,T
57,mt,0.9895225,0,g,F,4,T
57,fh,0.808656,1,g,F,4,T
57,fh,1.1653337,1,g,F,4,T
57,mh,1.4226929,0,e,T,4,T
57,fh,1.3126632,0,e,F,4,T
57,ft,1.1200059,1,e,F,4,T
57,fh,1.3095856,0,e,F,4,T
57,mh,1.3282509,0,g,T,4,T
57,fh,1.6212505,1,g,F,4,T
57,fh,1.2524312,1,g,F,4,T
57,fh,1.2067274,1,g,F,4,T
57,mt,2.0255166,1,e,T,4,T
57,ft,1.1280244,1,e,F,4,T
57,ft,0.9841017,1,e,F,4,T
57,fh,1.2155914,0,e,F,4,T
57,mh,1.6585275,0,e,F,4,T
57,fh,0.7496403,0,e,F,4,T
57,mt,1.9501362,0,g,T,4,T
57,mt,0.9448566,0,g,F,4,T
57,fh,0.8399533,1,g,F,4,T
57,mh,1.0073127,0,g,F,4,T
57,fh,1.5311886,0,e,T,4,T
57,mt,1.3188028,1,e,F,4,T
57,ft,1.3988249,1,e,F,4,T
57,fh,1.9777693,0,e,F,4,T
57,mh,1.3258589,0,g,T,4,T
57,fh,1.0462699,1,g,F,5,T
57,mh,0.6248253,0,g,F,5,T
57,mh,0.8685569,0,g,F,5,T
57,mt,1.0953006,0,g,F,5,T
57,ft,1.1461707,1,g,F,5,T
57,mt,0.8468248,0,g,F,5,T
57,fh,1.4503602,0,e,T,5,T
57,mt,1.6556879,1,e,F,5,T
57,mh,1.1737845,0,e,F,5,T
57,mt,1.2656867,1,e,F,5,T
57,fh,1.8881098,1,g,T,5,T
57,mh,1.0155565,0,g,F,5,T
57,mt,0.8420813,0,g,F,5,T
57,ft,1.1488913,1,g,F,5,T
57,mh,1.128774,0,e,T,5,T
57,mh,0.9566631,0,e,F,5,T
57,fh,1.5569616,0,e,F,5,T
57,fh,0.8487653,0,e,F,5,T
57,mh,2.0155345,0,e,F,5,T
57,mh,1.2848112,0,e,F,5,T
57,ft,1.6471963,1,g,T,5,T
57,mh,1.1360145,0,g,F,5,T
57,ft,2.0858708,1,g,F,5,T
57,mh,0.8923903,0,g,F,5,T
57,fh,0.8792727,1,g,F,5,T
57,mh,1.1150035,0,e,T,5,T
57,ft,1.2594039,1,e,F,5,T
57,fh,1.1186611,0,e,F,5,T
57,fh,1.2325913,0,e,F,5,T
57,mt,1.7705201,0,g,T,5,T
57,mt,1.4265866,0,g,F,5,T
57,mt,1.0996368,0,g,F,5,T
57,mt,0.7824089,0,g,F,5,T
57,mh,1.0758061,0,g,F,5,T
57,mt,1.0244205,0,g,F,5,T
57,fh,1.8590961,0,e,T,5,T
57,mt,2.2384709,1,e,F,5,T
57,fh,1.1164895,0,e,F,5,T
57,mt,1.8362165,1,e,F,5,T
57,ft,1.685662,1,e,F,5,T
57,mh,1.1147396,0,g,T,5,T
57,mt,1.4183835,0,g,F,5,T
57,ft,1.7315055,1,g,F,5,T
57,ft,1.2779906,1,g,F,5,T
57,mt,2.3308557,1,e,T,5,T
57,ft,1.1378495,1,e,F,5,T
57,mh,1.3344894,0,e,F,5,T
57,mh,1.1994005,0,e,F,5,T
57,ft,1.3459403,1,g,T,5,T
57,mt,1.6835973,0,g,F,5,T
57,fh,1.4062899,1,g,F,5,T
57,mt,0.9162048,0,g,F,5,T
57,mh,1.4489933,0,g,F,5,T
57,ft,1.3219142,1,e,T,5,T
57,mh,1.7416239,0,e,F,5,T
57,mt,2.0986106,1,e,F,5,T
57,fh,1.3708117,1,e,F,5,F
57,ft,1.0408773,1,e,F,5,T
57,mh,1.3218109,0,g,T,5,T
57,mh,1.3177842,0,g,F,6,T
57,mt,0.8225193,0,g,F,6,T
57,mh,1.9909677,0,g,F,6,T
57,ft,0.9003068,1,g,F,6,T
57,fh,1.1811852,1,g,F,6,T
57,mh,1.1411534,0,g,F,6,T
57,mt,0.978826,0,g,F,6,T
57,ft,1.7719382,1,e,T,6,T
57,mt,1.8648433,1,e,F,6,T
57,mh,1.1182705,0,e,F,6,T
57,mh,1.1033643,0,e,F,6,T
57,mt,1.1550755,1,e,F,6,T
57,ft,1.7937197,1,g,T,6,T
57,mh,1.9580128,0,g,F,6,T
57,ft,1.6869982,1,g,F,6,T
57,fh,1.838516,1,g,F,6,T
57,mt,1.7324228,1,e,T,6,T
57,mt,1.0755934,1,e,F,6,T
57,mt,1.1538932,1,e,F,6,T
57,ft,1.153047,1,e,F,6,T
57,mt,1.597043,0,g,T,6,T
57,mt,1.2286702,0,g,F,6,T
57,fh,1.4556042,1,g,F,6,T
57,ft,2.2100469,1,g,F,6,T
57,mt,0.8860154,0,g,F,6,T
57,fh,1.2659152,1,g,F,6,T
57,mh,1.0652837,0,e,T,6,T
57,fh,1.3555421,0,e,F,6,T
57,ft,1.1881383,1,e,F,6,T
57,fh,1.8034996,0,e,F,6,T
57,mh,1.0353154,0,e,F,6,T
57,mt,1.6891,1,e,F,6,T
57,fh,1.6628336,1,g,T,6,T
57,fh,1.2399953,1,g,F,6,T
57,mt,1.2385309,0,g,F,6,T
57,mt,0.9099941,0,g,F,6,T
57,fh,1.6792492,0,e,T,6,T
57,mt,1.4723234,1,e,F,6,T
57,mt,1.2847753,1,e,F,6,T
57,mt,1.4695979,1,e,F,6,T
57,ft,1.968709,1,g,T,6,T
57,mt,2.3848607,0,g,F,6,T
57,mh,0.947401,0,g,F,6,T
57,ft,1.2245069,1,g,F,6,T
57,ft,2.0174654,0,g,F,6,F
57,mh,0.852847,0,g,F,6,T
57,mt,1.0238906,0,g,F,6,T
57,ft,1.1077291,1,g,F,6,T
57,mh,1.8326159,0,e,T,6,T
57,fh,1.0653714,0,e,F,6,T
57,mt,1.3874631,1,e,F,6,T
57,mt,1.7403695,1,e,F,6,T
57,ft,1.641632,1,g,T,6,T
57,fh,1.8328786,1,g,F,6,T
57,mh,1.1159993,0,g,F,6,T
57,fh,1.9884027,1,g,F,6,T
57,mt,1.6681627,1,e,T,6,T
57,ft,1.4280784,1,e,F,6,T
57,mh,1.1988044,0,e,F,6,T
57,mt,2.0599375,1,e,F,6,T
57,fh,1.2399369,0,e,F,6,T
57,mh,1.1895692,0,e,F,6,T
57,mt,1.854535,1,e,F,6,T
57,mt,1.6504786,1,e,F,6,T
57,mh,1.8608862,0,e,F,6,T
57,fh,1.8400321,1,g,T,6,T
57,ft,1.2013485,1,g,F,6,T
57,fh,1.2717438,1,g,F,6,T
57,mh,1.3905155,0,g,F,6,T
57,ft,1.8710837,1,e,T,6,T
57,mh,2.2718347,0,e,F,6,T
57,ft,2.3618602,1,e,F,6,T
57,mh,0.8466291,0,e,F,6,T
63,mh,1.3996819,0,e,F,1,T
63,mt,2.1366879,1,e,F,1,T
63,mt,1.295934,1,e,F,1,T
63,mh,1.0029697,0,e,F,1,T
63,ft,3.5532701,1,e,F,1,T
63,mh,1.3137779,0,e,F,1,T
63,fh,1.759703,0,e,F,1,T
63,fh,1.5894414,0,e,F,1,T
63,mh,2.1023591,0,e,F,1,T
63,fh,2.0616095,0,e,F,1,T
63,ft,4.6261815,0,e,F,1,F
63,mh,2.2244982,0,e,F,1,T
63,fh,0.8129734,0,e,F,1,T
63,mt,1.7003548,1,e,F,1,T
63,ft,2.122859,1,e,F,1,T
63,mt,1.5692401,1,e,F,1,T
63,ft,2.5525929,1,e,F,1,T
63,mt,1.9282374,1,e,F,1,T
63,fh,0.938723,0,e,F,1,T
63,ft,1.655269,1,e,F,1,T
63,mt,2.4723983,0,g,F,2,T
63,ft,0.7140869,1,g,F,2,T
63,mt,0.9721402,0,g,F,2,T
63,fh,0.806833,1,g,F,2,T
63,ft,0.7479268,1,g,F,2,T
63,mh,0.8700025,0,g,F,2,T
63,ft,0.8705019,1,g,F,2,T
63,ft,0.7753108,1,g,F,2,T
63,mt,2.7837773,0,g,F,2,T
63,fh,0.7744065,1,g,F,2,T
63,fh,0.9377831,1,g,F,2,T
63,mh,1.0518128,0,g,F,2,T
63,mh,1.1161327,0,g,F,2,T
63,mh,1.2827719,0,g,F,2,T
63,fh,0.7606636,1,g,F,2,T
63,mh,1.2697992,0,g,F,2,T
63,fh,0.7657925,1,g,F,2,T
63,mt,0.7680362,0,g,F,2,T
63,ft,1.2267759,1,g,F,2,T
63,mt,1.0252583,0,g,F,2,T
63,ft,3.2133872,1,g,F,3,T
63,mt,1.0012499,0,g,F,3,T
63,mh,1.7596473,0,g,F,3,T
63,ft,1.9840009,1,e,T,3,T
63,mt,1.6122857,1,e,F,3,T
63,ft,1.1533899,1,e,F,3,T
63,mh,1.5244188,0,e,F,3,T
63,fh,1.3303949,1,e,F,3,F
63,mt,3.0074498,1,g,T,3,F
63,mt,2.3346237,0,g,F,3,T
63,mt,1.6357407,0,g,F,3,T
63,ft,2.4885951,1,g,F,3,T
63,mh,2.1145896,0,e,T,3,T
63,fh,2.1804802,0,e,F,3,T
63,fh,1.6278091,0,e,F,3,T
63,mt,1.4363574,1,e,F,3,T
63,ft,2.6775421,1,g,T,3,T
63,ft,2.0772929,1,g,F,3,T
63,ft,1.1218308,1,g,F,3,T
63,ft,1.3540624,1,g,F,3,T
63,ft,1.1495719,1,g,F,3,T
63,mt,4.5279844,1,e,T,3,T
63,mt,1.5684133,1,e,F,3,T
63,ft,1.9511881,1,e,F,3,T
63,mt,1.6180019,1,e,F,3,T
63,ft,2.2445097,1,g,T,3,T
63,mh,1.6131354,0,g,F,3,T
63,mh,1.6985755,0,g,F,3,T
63,ft,1.3497827,1,g,F,3,T
63,mt,1.2507301,0,g,F,3,T
63,fh,1.4675308,0,e,T,3,T
63,mt,1.9273837,1,e,F,3,T
63,mh,2.795634,0,e,F,3,T
63,mt,1.3468436,1,e,F,3,T
63,fh,2.6937993,1,g,T,3,T
63,ft,1.5246754,1,g,F,3,T
63,mh,1.3713463,0,g,F,3,T
63,fh,1.359437,1,g,F,3,T
63,ft,2.0063113,1,g,F,3,T
63,mt,1.3973581,0,g,F,3,T
63,ft,1.6278207,1,g,F,3,T
63,mh,1.7008045,0,e,T,3,T
63,mt,1.2300408,1,e,F,3,T
63,mh,1.2996342,0,e,F,3,T
63,mh,1.6963934,0,e,F,3,T
63,mt,1.823427,1,e,F,3,T
63,fh,1.3977551,0,e,F,3,T
63,mh,1.9069732,0,g,T,3,T
63,mh,1.6764146,0,g,F,3,T
63,fh,0.8410959,1,g,F,3,T
63,mh,1.8424407,0,g,F,3,T
63,fh,2.3945661,0,e,T,3,T
63,mh,2.6163702,0,e,F,4,T
63,fh,1.3496331,0,e,F,4,T
63,ft,1.3035467,1,e,F,4,T
63,ft,1.8537113,1,e,F,4,T
63,mt,2.6870437,0,g,T,4,T
63,fh,1.7414281,1,g,F,4,T
63,fh,0.9367827,1,g,F,4,T
63,mh,0.948795,0,g,F,4,T
63,fh,1.8528625,0,e,T,4,T
63,fh,1.5443798,0,e,F,4,T
63,ft,1.292869,1,e,F,4,T
63,mt,1.4080447,1,e,F,4,T
63,ft,1.6083534,1,e,F,4,T
63,mh,1.7370936,0,e,F,4,T
63,fh,2.3942903,1,g,T,4,T
63,ft,1.3377688,1,g,F,4,T
63,fh,1.2307325,1,g,F,4,T
63,mt,1.5065238,0,g,F,4,T
63,ft,2.1279284,1,e,T,4,T
63,mt,1.5744024,1,e,F,4,T
63,mt,1.6109072,1,e,F,4,T
63,ft,1.5208798,1,e,F,4,T
63,fh,1.4727371,0,e,F,4,T
63,ft,1.7174327,1,e,F,4,T
63,mh,1.8017158,0,g,T,4,T
63,mh,1.3677777,0,g,F,4,T
63,mt,1.7058506,0,g,F,4,T
63,mt,1.5086027,0,g,F,4,T
63,ft,2.8994461,1,e,T,4,T
63,fh,1.8319673,0,e,F,4,T
63,fh,1.7836612,0,e,F,4,T
63,ft,2.1282588,1,e,F,4,T
63,mt,2.0206096,0,g,T,4,T
63,ft,1.7586209,1,g,F,4,T
63,mh,1.4023437,0,g,F,4,T
63,mt,1.1233044,0,g,F,4,T
63,fh,1.0954152,1,g,F,4,T
63,mt,1.8096509,0,g,F,4,T
63,fh,1.1538867,1,g,F,4,T
63,mt,1.8040784,1,e,T,4,T
63,ft,1.3721312,0,e,F,4,F
63,mh,2.1738197,0,e,F,4,T
63,mh,1.5065293,0,e,F,4,T
63,fh,2.2073714,1,g,T,4,T
63,mh,1.7985349,0,g,F,4,T
63,fh,1.369367,1,g,F,4,T
63,fh,1.5950957,1,g,F,4,T
63,mt,1.0701603,0,g,F,4,T
63,fh,1.2939513,1,g,F,4,T
63,mt,2.4264453,1,e,T,4,T
63,fh,1.1571099,1,e,F,4,F
63,mt,1.1636414,1,e,F,4,T
63,fh,1.5330563,0,e,F,4,T
63,mt,1.9849084,0,g,T,4,T
63,mh,1.5126049,0,g,F,4,T
63,mh,1.1454191,0,g,F,4,T
63,ft,1.1390764,1,g,F,4,T
63,mh,4.2455809,0,e,T,4,T
63,mt,2.3461155,1,e,F,5,T
63,mh,1.4328768,0,e,F,5,T
63,fh,1.9598318,0,e,F,5,T
63,mh,2.3702447,0,e,F,5,T
63,fh,1.127884,0,e,F,5,T
63,mh,1.0823401,0,e,F,5,T
63,ft,2.082144,1,g,T,5,T
63,ft,2.7837768,1,g,F,5,T
63,mh,1.2543676,0,g,F,5,T
63,fh,1.2852915,1,g,F,5,T
63,mh,3.0020647,0,e,T,5,T
63,fh,1.0833622,0,e,F,5,T
63,mh,1.5464079,0,e,F,5,T
63,ft,1.3046559,1,e,F,5,T
63,mh,1.4996469,0,g,T,5,T
63,mh,1.5808122,0,g,F,5,T
63,mh,1.3581841,0,g,F,5,T
63,mh,3.5674532,0,g,F,5,T
63,fh,1.0437382,1,g,F,5,T
63,ft,1.0239755,1,g,F,5,T
63,mh,1.3118706,0,g,F,5,T
63,ft,1.2014853,1,g,F,5,T
63,mt,2.5646953,1,e,T,5,T
63,fh,1.3754312,0,e,F,5,T
63,mh,1.3993914,0,e,F,5,T
63,ft,1.9312372,1,e,F,5,T
63,mt,1.746068,0,g,T,5,T
63,mh,2.6574169,0,g,F,5,T
63,mh,1.2529654,0,g,F,5,T
63,fh,1.9013586,1,g,F,5,T
63,mh,5.9978854,0,e,T,5,T
63,mt,1.2880305,1,e,F,5,T
63,mh,1.8168566,0,e,F,5,T
63,ft,2.6562318,1,e,F,5,T
63,ft,2.1861238,1,e,F,5,T
63,ft,1.7956852,1,e,F,5,T
63,mh,2.0707744,0,g,T,5,T
63,mt,1.1570418,0,g,F,5,T
63,fh,0.8398375,1,g,F,5,T
63,mt,1.1871841,0,g,F,5,T
63,fh,1.8217246,0,e,T,5,T
63,ft,2.0645367,1,e,F,5,T
63,ft,1.669514,1,e,F,5,T
63,fh,2.0662049,0,e,F,5,T
63,mh,1.79952,0,g,T,5,T
63,mt,2.7793953,0,g,F,5,T
63,ft,1.4286131,1,g,F,5,T
63,mt,1.5573312,0,g,F,5,T
63,mh,1.4707735,0,g,F,5,T
63,ft,2.7664027,1,e,T,5,T
63,mh,2.1814668,0,e,F,5,T
63,mh,1.4957823,0,e,F,5,T
63,mh,1.742811,0,e,F,5,T
63,ft,6.1020025,1,g,T,5,T
63,fh,1.1544145,1,g,F,5,T
63,mh,1.8046313,0,g,F,5,T
63,mt,1.074954,0,g,F,5,T
63,fh,3.7369789,0,e,T,5,T
63,mh,4.2388963,0,e,F,6,T
63,mt,2.5832851,1,e,F,6,T
63,mt,1.7010451,1,e,F,6,T
63,mt,2.043086,1,e,F,6,T
63,fh,1.5056558,1,g,T,6,T
63,mt,1.4919101,0,g,F,6,T
63,ft,1.119872,1,g,F,6,T
63,fh,1.3567893,1,g,F,6,T
63,mh,2.9199473,0,g,F,6,T
63,mt,3.0973685,0,g,F,6,T
63,mh,6.0161545,0,g,F,6,T
63,fh,2.2016852,0,e,T,6,T
63,mh,2.0334093,0,e,F,6,T
63,fh,1.7261147,0,e,F,6,T
63,mt,1.5309519,1,e,F,6,T
63,fh,1.0831797,1,g,T,6,T
63,mh,2.168716,0,g,F,6,T
63,mh,1.4961003,0,g,F,6,T
63,ft,1.3322533,1,g,F,6,T
63,mt,3.3518155,1,e,T,6,T
63,fh,1.7554387,0,e,F,6,T
63,mt,1.6810703,1,e,F,6,T
63,fh,2.3095942,0,e,F,6,T
63,ft,1.4604659,1,e,F,6,T
63,fh,1.473139,0,e,F,6,T
63,mh,2.8308783,0,g,T,6,T
63,ft,1.5836876,1,g,F,6,T
63,mt,1.2862782,0,g,F,6,T
63,fh,1.0376188,1,g,F,6,T
63,mh,1.6609178,0,g,F,6,T
63,fh,1.6289507,1,g,F,6,T
63,mt,2.8211498,1,e,T,6,T
63,ft,1.8853722,1,e,F,6,T
63,mt,1.3397637,1,e,F,6,T
63,mh,2.2078464,0,e,F,6,T
63,ft,1.9807253,1,g,T,6,T
63,ft,1.49434,1,g,F,6,T
63,mt,1.2253796,0,g,F,6,T
63,ft,1.5114398,0,g,F,6,F
63,mt,1.9499347,0,g,F,6,T
63,fh,4.0782841,1,g,F,6,T
63,mt,1.9602173,0,g,F,6,T
63,ft,3.2742444,1,e,T,6,T
63,fh,1.7494639,0,e,F,6,T
63,ft,1.9249082,1,e,F,6,T
63,mh,2.2623712,0,e,F,6,T
63,fh,1.9507231,1,g,T,6,T
63,fh,1.8828722,1,g,F,6,T
63,mh,1.1815253,0,g,F,6,T
63,mh,2.2530352,1,g,F,6,F
63,ft,2.0216985,1,e,T,6,T
63,mt,1.069147,1,e,F,6,T
63,mh,1.2981747,0,e,F,6,T
63,mt,1.598055,1,e,F,6,T
63,fh,2.7722557,0,e,F,6,T
63,mt,1.6436876,0,g,T,6,T
63,ft,1.407752,1,g,F,6,T
63,mt,1.7182011,0,g,F,6,T
63,mh,14.6632043,0,g,F,6,T
63,mh,1.4057382,0,g,F,6,T
63,fh,1.1473826,1,g,F,6,T
63,mt,1.332406,0,g,F,6,T
63,fh,1.2016745,1,g,F,6,T
63,mh,2.6114477,0,e,T,6,T
63,fh,0.9996657,0,e,F,6,T
63,mt,1.2070274,1,e,F,6,T
63,mt,1.3721982,1,e,F,6,T
63,ft,2.1129841,1,g,T,6,T
63,fh,1.2150482,1,g,F,6,T
63,mt,1.7526982,0,g,F,6,T
63,mt,1.1185101,0,g,F,6,T
63,fh,1.3300042,1,g,F,6,T
66_1,mt,0.91869,1,e,F,1,T
66_1,mh,0.753707,0,e,F,1,T
66_1,fh,0.4994813,0,e,F,1,T
66_1,ft,0.7439542,1,e,F,1,T
66_1,mt,1.0581875,1,e,F,1,T
66_1,fh,0.623623,0,e,F,1,T
66_1,ft,0.8919222,1,e,F,1,T
66_1,ft,0.9216645,1,e,F,1,T
66_1,mt,0.8194859,1,e,F,1,T
66_1,ft,0.7504397,1,e,F,1,T
66_1,mh,0.6754717,0,e,F,1,T
66_1,mt,0.9285391,1,e,F,1,T
66_1,ft,0.8490293,1,e,F,1,T
66_1,fh,0.7629795,0,e,F,1,T
66_1,fh,0.8452769,0,e,F,1,T
66_1,mh,0.6008203,0,e,F,1,T
66_1,mh,0.677861,0,e,F,1,T
66_1,fh,3.7169666,0,e,F,1,T
66_1,mh,0.7919918,0,e,F,1,T
66_1,mt,0.6326065,1,e,F,1,T
66_1,ft,0.8591658,1,g,F,2,T
66_1,fh,0.4961086,1,g,F,2,T
66_1,mt,0.4275559,0,g,F,2,T
66_1,ft,0.4442859,1,g,F,2,T
66_1,mt,0.6138648,0,g,F,2,T
66_1,ft,1.2731206,1,g,F,2,T
66_1,ft,0.2703177,0,g,F,2,F
66_1,mh,0.5517426,0,g,F,2,T
66_1,mh,0.656062,0,g,F,2,T
66_1,fh,0.6356074,1,g,F,2,T
66_1,mt,0.601381,1,g,F,2,F
66_1,fh,0.7103036,1,g,F,2,T
66_1,fh,0.9855661,1,g,F,2,T
66_1,mh,0.6149093,0,g,F,2,T
66_1,fh,1.2442073,1,g,F,2,T
66_1,ft,0.9005386,1,g,F,2,T
66_1,mh,0.4767907,0,g,F,2,T
66_1,mh,0.7828725,0,g,F,2,T
66_1,mt,0.5902478,0,g,F,2,T
66_1,mt,0.651347,0,g,F,2,T
66_1,ft,2.7660284,1,g,F,3,T
66_1,mh,0.8083836,0,g,F,3,T
66_1,mt,0.886043,0,g,F,3,T
66_1,fh,1.1507785,1,g,F,3,T
66_1,mh,1.532371,0,e,T,3,T
66_1,fh,0.8647114,0,e,F,3,T
66_1,ft,0.6073908,1,e,F,3,T
66_1,mt,0.8775945,1,e,F,3,T
66_1,fh,1.095305,1,g,T,3,T
66_1,fh,0.7194965,1,g,F,3,T
66_1,fh,0.7556726,1,g,F,3,T
66_1,mt,0.7675579,0,g,F,3,T
66_1,ft,1.8942904,1,e,T,3,T
66_1,mt,0.7981033,1,e,F,3,T
66_1,ft,1.7375354,1,e,F,3,T
66_1,mh,0.9804132,0,e,F,3,T
66_1,mt,2.1011412,1,e,F,3,T
66_1,ft,0.9315503,1,e,F,3,T
66_1,mh,0.9536295,0,e,F,3,T
66_1,ft,0.9943692,1,g,T,3,T
66_1,ft,0.8354954,1,g,F,3,T
66_1,mt,0.9498475,0,g,F,3,T
66_1,fh,1.0405007,1,g,F,3,T
66_1,mt,1.3521573,1,e,T,3,T
66_1,mt,1.8431817,1,e,F,3,T
66_1,fh,0.9010603,0,e,F,3,T
66_1,ft,1.2356358,1,e,F,3,T
66_1,fh,1.1128413,0,e,F,3,T
66_1,fh,2.5749738,0,e,F,3,T
66_1,mh,1.5122433,0,e,F,3,T
66_1,ft,1.1833198,1,g,T,3,T
66_1,fh,1.1637195,1,g,F,3,T
66_1,ft,1.1718103,0,g,F,3,F
66_1,ft,1.2132745,1,g,F,3,T
66_1,mt,1.4177584,1,e,T,3,T
66_1,mh,2.3333262,0,e,F,3,T
66_1,mh,2.0652955,0,e,F,3,T
66_1,mh,1.0624283,0,e,F,3,T
66_1,fh,1.1510551,1,g,T,3,T
66_1,fh,0.8894357,1,g,F,3,T
66_1,ft,3.3147596,1,g,F,3,T
66_1,mt,0.9322973,0,g,F,3,T
66_1,ft,1.135072,1,g,F,3,T
66_1,mt,0.9457204,0,g,F,3,T
66_1,mh,2.4166721,0,g,F,3,T
66_1,fh,1.1931056,0,e,T,3,T
66_1,mt,1.0786761,1,e,F,3,T
66_1,fh,1.4115529,0,e,F,3,T
66_1,ft,1.0486038,1,e,F,3,T
66_1,mt,8.7412138,0,e,F,3,F
66_1,ft,5.4230548,1,g,T,3,T
66_1,mh,0.8376254,1,g,F,3,F
66_1,mt,1.8401429,0,g,F,3,T
66_1,mh,1.0404138,0,g,F,3,T
66_1,ft,1.5643834,0,e,T,3,F
66_1,mt,3.5651131,1,e,F,4,T
66_1,mh,0.9433891,0,e,F,4,T
66_1,ft,1.9505264,1,e,F,4,T
66_1,mt,1.1941445,0,g,T,4,T
66_1,ft,1.8899738,1,g,F,4,T
66_1,mt,0.6566611,0,g,F,4,T
66_1,mh,0.7562098,0,g,F,4,T
66_1,mt,0.6417653,0,g,F,4,T
66_1,ft,1.6294939,1,e,T,4,T
66_1,fh,2.9029171,0,e,F,4,T
66_1,ft,1.3401534,1,e,F,4,T
66_1,fh,1.0758952,0,e,F,4,T
66_1,mt,0.8605737,0,g,T,4,T
66_1,mh,0.8873567,0,g,F,4,T
66_1,mt,0.7519939,0,g,F,4,T
66_1,mt,1.5304886,0,g,F,4,T
66_1,ft,2.7985359,1,e,T,4,T
66_1,mh,2.9941685,0,e,F,4,T
66_1,mh,1.7110958,0,e,F,4,T
66_1,fh,0.9810293,0,e,F,4,T
66_1,fh,0.9953057,0,e,F,4,T
66_1,mh,1.4047382,0,g,T,4,T
66_1,ft,1.5783342,1,g,F,4,F
66_1,ft,6.948248,1,g,F,4,T
66_1,mt,5.7685211,0,g,F,4,T
66_1,fh,1.2959867,0,e,T,4,T
66_1,fh,1.1712724,0,e,F,4,T
66_1,ft,0.9709472,1,e,F,4,T
66_1,mt,2.0982239,1,e,F,4,T
66_1,fh,1.4460007,1,g,T,4,T
66_1,ft,1.0074872,1,g,F,4,T
66_1,mh,0.8347736,0,g,F,4,T
66_1,ft,2.042935,1,g,F,4,T
66_1,mt,1.1903885,0,g,F,4,T
66_1,mt,1.0156418,0,g,F,4,T
66_1,ft,1.8002549,1,g,F,4,T
66_1,fh,0.837748,1,g,F,4,T
66_1,fh,0.8716353,1,g,F,4,T
66_1,mt,2.836145,1,e,T,4,T
66_1,ft,0.9328569,1,e,F,4,T
66_1,ft,1.8032335,1,e,F,4,T
66_1,mt,0.8081547,1,e,F,4,T
66_1,ft,0.9364948,1,g,T,4,T
66_1,ft,0.8313322,1,g,F,4,T
66_1,ft,0.5870957,1,g,F,4,T
66_1,mh,2.3131029,0,g,F,4,F
66_1,fh,1.0197001,1,g,F,4,T
66_1,mh,0.7203027,0,g,F,4,T
66_1,fh,1.1821829,0,e,T,4,T
66_1,mh,2.1585009,0,e,F,4,T
66_1,mt,0.8214176,1,e,F,4,T
66_1,mt,1.3719212,1,e,F,4,T
66_1,ft,1.5101475,0,g,T,4,F
66_1,fh,1.8756476,0,g,F,4,F
66_1,ft,1.8620203,1,g,F,4,F
66_1,fh,1.2614398,0,g,F,4,F
66_1,mt,1.3916274,1,e,T,4,T
66_1,mh,1.7697084,0,e,F,5,T
66_1,mt,1.1293203,1,e,F,5,T
66_1,mh,0.8619863,0,e,F,5,T
66_1,mt,0.9522279,1,e,F,5,T
66_1,mh,1.0881673,0,e,F,5,T
66_1,fh,0.8936256,0,e,F,5,T
66_1,ft,1.2019238,1,e,F,5,T
66_1,mt,0.7429673,0,g,T,5,T
66_1,mh,0.4559474,1,g,F,5,F
66_1,mt,0.733724,0,g,F,5,T
66_1,ft,2.46106,1,g,F,5,F
66_1,mt,1.6806607,1,e,T,5,T
66_1,mh,0.8706203,0,e,F,5,T
66_1,mt,1.6791019,1,e,F,5,T
66_1,ft,1.3733866,1,e,F,5,T
66_1,mh,1.4216216,0,g,T,5,T
66_1,fh,0.7577374,1,g,F,5,T
66_1,fh,0.8589262,1,g,F,5,T
66_1,ft,2.741487,1,g,F,5,T
66_1,mt,0.8887183,0,g,F,5,T
66_1,fh,1.4953815,0,e,T,5,T
66_1,fh,1.0566071,0,e,F,5,T
66_1,mh,2.7750766,0,e,F,5,T
66_1,fh,1.8875467,0,e,F,5,T
66_1,mh,1.1987055,0,g,T,5,T
66_1,ft,2.6008506,0,g,F,5,F
66_1,ft,0.9752322,1,g,F,5,T
66_1,mh,1.6928584,0,g,F,5,T
66_1,fh,0.9973816,0,e,T,5,T
66_1,mt,2.5230062,1,e,F,5,T
66_1,fh,1.9047071,0,e,F,5,T
66_1,ft,1.2980211,1,e,F,5,T
66_1,ft,1.6935792,0,e,F,5,F
66_1,ft,1.5447344,1,e,F,5,T
66_1,mh,1.2083154,0,g,T,5,T
66_1,mh,0.9318633,0,g,F,5,T
66_1,mh,1.0051485,0,g,F,5,T
66_1,ft,1.2741536,1,g,F,5,T
66_1,mt,1.7961187,1,e,T,5,T
66_1,fh,1.3992373,0,e,F,5,T
66_1,mt,1.0910044,1,e,F,5,T
66_1,ft,3.0167295,1,e,F,5,T
66_1,mt,1.1235855,0,g,T,5,T
66_1,mh,0.6319678,0,g,F,5,T
66_1,mt,1.4304211,0,g,F,5,T
66_1,mh,0.8651374,0,g,F,5,T
66_1,ft,0.9966175,1,g,F,5,T
66_1,mh,1.3945947,0,e,T,5,T
66_1,fh,0.7220182,0,e,F,5,T
66_1,ft,0.8697913,1,e,F,5,T
66_1,ft,1.5272027,1,e,F,5,T
66_1,mh,1.3978543,0,g,T,5,T
66_1,ft,1.3064375,1,g,F,5,T
66_1,ft,0.8123897,1,g,F,5,T
66_1,ft,0.6541429,1,g,F,5,T
66_1,mh,0.92098,0,e,T,5,F
66_1,ft,1.3001544,1,e,F,6,T
66_1,fh,0.7584204,0,e,F,6,T
66_1,mh,1.0852711,0,e,F,6,T
66_1,mh,0.7937365,0,e,F,6,T
66_1,mh,1.5627333,0,e,F,6,T
66_1,fh,2.571382,0,e,F,6,T
66_1,mt,0.7845385,1,e,F,6,T
66_1,fh,1.3366493,0,e,F,6,T
66_1,mt,0.851176,0,g,T,6,T
66_1,mh,1.1595418,0,g,F,6,T
66_1,fh,2.9643659,1,g,F,6,T
66_1,mh,0.6228583,0,g,F,6,T
66_1,ft,1.3951835,1,e,T,6,T
66_1,fh,0.7782718,0,e,F,6,T
66_1,mh,0.9046242,0,e,F,6,T
66_1,mt,1.3955525,1,e,F,6,T
66_1,mt,2.0595344,1,e,F,6,T
66_1,fh,2.1872593,1,g,T,6,T
66_1,mh,1.0845961,0,g,F,6,T
66_1,mh,1.0717556,0,g,F,6,T
66_1,fh,0.8231907,1,g,F,6,T
66_1,mh,1.3001195,1,e,T,6,F
66_1,ft,1.2839852,1,e,F,6,T
66_1,fh,8.5503979,0,e,F,6,T
66_1,mh,1.0402616,1,e,F,6,F
66_1,mh,0.7947755,0,e,F,6,T
66_1,mh,1.2098947,0,e,F,6,T
66_1,fh,0.9148896,1,g,T,6,T
66_1,fh,1.0651664,1,g,F,6,T
66_1,ft,1.4486093,1,g,F,6,T
66_1,fh,0.957237,1,g,F,6,T
66_1,mh,0.8145707,1,e,T,6,F
66_1,mt,1.1767868,1,e,F,6,T
66_1,mh,0.8066718,0,e,F,6,T
66_1,fh,1.0565093,0,e,F,6,T
66_1,mh,2.4953432,0,e,F,6,T
66_1,ft,0.9016404,1,g,T,6,T
66_1,fh,1.4372735,1,g,F,6,T
66_1,ft,7.0231741,1,g,F,6,T
66_1,mt,0.8652015,0,g,F,6,T
66_1,fh,1.1468398,0,e,T,6,T
66_1,mh,1.9119455,0,e,F,6,T
66_1,mt,11.4473934,1,e,F,6,T
66_1,ft,2.5326169,1,e,F,6,T
66_1,mh,1.2683564,0,e,F,6,T
66_1,mt,1.1466933,1,e,F,6,T
66_1,fh,1.4567617,0,e,F,6,T
66_1,fh,1.1135575,0,e,F,6,T
66_1,mh,1.0392808,0,g,T,6,T
66_1,mt,1.0926735,0,g,F,6,T
66_1,fh,1.0509055,1,g,F,6,T
66_1,ft,1.1564434,1,g,F,6,T
66_1,mh,0.9771197,0,e,T,6,T
66_1,mt,1.3861799,1,e,F,6,T
66_1,ft,0.9615776,1,e,F,6,T
66_1,fh,1.6937507,0,e,F,6,T
66_1,mt,0.8452728,0,g,T,6,T
66_1,mt,3.6975223,0,g,F,6,T
66_1,mt,0.7004033,0,g,F,6,T
66_1,mt,0.7313205,0,g,F,6,T
66_1,fh,0.9596093,1,g,F,6,T
66_1,mh,7.5188754,0,g,F,6,T
66_1,ft,0.7757369,1,g,F,6,T
66_1,mh,0.8882545,0,g,F,6,T
66_1,ft,1.329482,1,e,T,6,T
66_1,fh,0.6311087,0,e,F,6,T
66_1,mt,1.2362942,1,e,F,6,T
66_1,mh,0.672823,1,e,F,6,F
66_1,fh,1.9612388,1,g,T,6,T
66_1,fh,0.6134585,1,g,F,6,T
66_1,ft,0.5765181,1,g,F,6,T
66_1,mh,0.5860216,0,g,F,6,T
68_2,mh,1.2502096,0,e,F,1,T
68_2,fh,1.932057,0,e,F,1,T
68_2,fh,0.7970882,0,e,F,1,T
68_2,fh,1.236696,0,e,F,1,T
68_2,mt,0.9566402,1,e,F,1,T
68_2,ft,1.0717177,1,e,F,1,T
68_2,ft,1.0401503,1,e,F,1,T
68_2,fh,2.1215292,0,e,F,1,T
68_2,mt,1.1850808,1,e,F,1,T
68_2,mt,2.1753956,1,e,F,1,T
68_2,ft,1.6626186,1,e,F,1,T
68_2,ft,1.4788485,1,e,F,1,T
68_2,mh,1.8879882,0,e,F,1,T
68_2,mh,1.0235011,0,e,F,1,T
68_2,ft,1.0465281,1,e,F,1,T
68_2,mt,1.1855548,1,e,F,1,T
68_2,mh,1.0644967,0,e,F,1,T
68_2,mt,1.1128758,1,e,F,1,T
68_2,mh,0.972209,0,e,F,1,T
68_2,fh,0.8703051,0,e,F,1,T
68_2,ft,2.4491235,0,g,F,2,F
68_2,mh,1.1924076,0,g,F,2,T
68_2,mt,1.2057203,0,g,F,2,T
68_2,mt,1.7338951,0,g,F,2,T
68_2,mt,1.2598479,0,g,F,2,T
68_2,mh,1.4736535,0,g,F,2,T
68_2,ft,2.7421176,1,g,F,2,T
68_2,mh,1.563744,0,g,F,2,T
68_2,mh,1.1635978,0,g,F,2,T
68_2,fh,1.2020283,1,g,F,2,T
68_2,ft,0.642819,1,g,F,2,T
68_2,ft,1.1090626,1,g,F,2,T
68_2,mt,1.5683361,0,g,F,2,T
68_2,mh,1.0229419,0,g,F,2,T
68_2,mt,1.3658295,0,g,F,2,T
68_2,fh,1.9697191,1,g,F,2,T
68_2,fh,0.8304808,1,g,F,2,T
68_2,ft,1.0749071,1,g,F,2,T
68_2,fh,0.9835831,1,g,F,2,T
68_2,fh,0.8518649,1,g,F,2,T
68_2,ft,2.5638477,0,g,F,3,F
68_2,mt,4.6592989,0,g,F,3,T
68_2,mt,1.2874229,0,g,F,3,T
68_2,fh,0.9654995,1,g,F,3,T
68_2,mt,1.6961546,0,g,F,3,T
68_2,ft,2.3950347,0,g,F,3,F
68_2,mh,2.6099032,1,e,T,3,F
68_2,mh,2.6857491,1,e,F,3,F
68_2,ft,1.4556484,0,e,F,3,F
68_2,mh,2.0169031,1,e,F,3,F
68_2,ft,4.7305397,0,g,T,3,F
68_2,mt,2.0444187,0,g,F,3,F
68_2,mh,2.0902427,0,g,F,3,T
68_2,mh,0.9496318,0,g,F,3,T
68_2,fh,1.8107026,0,e,T,3,T
68_2,mh,1.0840952,0,e,F,3,T
68_2,fh,1.2482265,0,e,F,3,T
68_2,mt,3.1135906,0,e,F,3,F
68_2,mt,1.0363535,1,e,F,3,T
68_2,fh,1.4772897,1,g,T,3,T
68_2,ft,3.25303,1,g,F,3,T
68_2,mh,2.7907866,0,g,F,3,T
68_2,fh,2.001445,1,g,F,3,T
68_2,mh,0.3582776,0,g,F,3,T
68_2,mh,1.7393816,0,g,F,3,T
68_2,fh,0.8780735,1,g,F,3,T
68_2,mh,3.2115526,0,e,T,3,T
68_2,fh,2.8438197,0,e,F,3,T
68_2,mt,2.0919711,0,e,F,3,F
68_2,ft,2.6145756,1,e,F,3,T
68_2,mt,3.5949132,0,g,T,3,T
68_2,fh,1.3370795,1,g,F,3,T
68_2,fh,1.0987179,1,g,F,3,T
68_2,ft,2.6268347,0,g,F,3,F
68_2,mh,1.9293189,0,e,T,3,T
68_2,mt,1.171533,1,e,F,3,T
68_2,ft,3.5148733,1,e,F,3,T
68_2,mh,2.1364708,0,e,F,3,T
68_2,mt,1.5435002,1,e,F,3,T
68_2,fh,1.1446645,1,g,T,3,T
68_2,ft,5.7823426,0,g,F,3,F
68_2,mh,2.7863846,0,g,F,3,T
68_2,mh,2.841715,0,g,F,3,T
68_2,fh,5.0500342,0,e,T,3,T
68_2,mh,1.786367,0,e,F,3,T
68_2,ft,1.5501445,1,e,F,3,T
68_2,fh,2.8150394,0,e,F,3,T
68_2,mh,1.6718942,0,g,T,3,T
68_2,fh,1.0113635,1,g,F,3,T
68_2,mh,1.1553532,0,g,F,3,T
68_2,mt,3.2483125,0,g,F,3,T
68_2,ft,3.3814833,1,g,F,3,T
68_2,ft,1.0368755,1,g,F,3,T
68_2,ft,2.3294868,1,g,F,3,T
68_2,fh,1.9728181,1,g,F,3,T
68_2,mt,2.1125787,1,e,T,3,T
68_2,mh,2.3309165,0,e,F,4,T
68_2,mh,2.4306488,0,e,F,4,T
68_2,fh,4.2201227,0,e,F,4,T
68_2,mt,2.9050198,0,g,T,4,T
68_2,fh,1.1503745,1,g,F,4,T
68_2,mh,1.9216204,0,g,F,4,T
68_2,mt,1.9145138,0,g,F,4,T
68_2,ft,2.2280228,1,e,T,4,T
68_2,mt,2.3402697,1,e,F,4,T
68_2,mt,0.8602474,1,e,F,4,T
68_2,mt,2.7746733,1,e,F,4,T
68_2,fh,1.3980372,0,e,F,4,T
68_2,mh,1.6359938,0,g,T,4,T
68_2,mh,0.8160447,0,g,F,4,T
68_2,ft,2.9145255,1,g,F,4,T
68_2,fh,1.6383306,1,g,F,4,T
68_2,mt,1.869069,1,e,T,4,T
68_2,fh,1.7003213,0,e,F,4,T
68_2,mt,1.3659464,0,e,F,4,F
68_2,mt,1.3495586,1,e,F,4,T
68_2,mh,1.2375776,1,e,F,4,F
68_2,fh,1.4688004,0,e,F,4,T
68_2,mt,6.1538676,0,g,T,4,F
68_2,mt,1.4112031,0,g,F,4,T
68_2,mh,2.8095685,0,g,F,4,T
68_2,mt,1.2890772,0,g,F,4,T
68_2,fh,1.5341958,0,e,T,4,T
68_2,mt,1.4957289,0,e,F,4,F
68_2,ft,2.7376457,0,e,F,4,F
68_2,ft,2.0763663,0,e,F,4,F
68_2,mh,1.3220545,0,g,T,4,T
68_2,mh,1.4476375,0,g,F,4,T
68_2,ft,2.1919142,1,g,F,4,T
68_2,ft,1.5054096,1,g,F,4,T
68_2,mh,1.1310761,0,g,F,4,T
68_2,ft,1.8754081,0,e,T,4,F
68_2,mt,5.4554749,1,e,F,4,T
68_2,mh,1.7073605,1,e,F,4,F
68_2,mh,1.1524198,0,e,F,4,T
68_2,fh,1.560545,1,g,T,4,T
68_2,mt,4.1581003,0,g,F,4,T
68_2,ft,1.2438221,1,g,F,4,T
68_2,fh,1.0101833,1,g,F,4,T
68_2,mh,1.6636929,0,e,T,4,T
68_2,fh,3.8390818,0,e,F,4,T
68_2,mt,1.5404494,1,e,F,4,T
68_2,mt,7.6561943,1,e,F,4,T
68_2,fh,2.8095618,0,e,F,4,T
68_2,fh,1.8099585,0,e,F,4,T
68_2,mh,3.7330207,0,e,F,4,T
68_2,mt,1.4157352,1,e,F,4,T
68_2,ft,3.3252575,0,g,T,4,F
68_2,mh,1.5258986,0,g,F,4,T
68_2,mt,1.6489251,0,g,F,4,T
68_2,mt,3.3919899,0,g,F,4,T
68_2,fh,2.9040816,0,e,T,4,T
68_2,fh,2.3534697,1,e,F,5,F
68_2,mt,0.5097457,1,e,F,5,F
68_2,ft,2.1299977,1,e,F,5,T
68_2,fh,1.9221386,0,e,F,5,T
68_2,ft,1.4370564,1,e,F,5,T
68_2,mh,1.3473924,0,g,T,5,T
68_2,mt,2.3244126,0,g,F,5,T
68_2,ft,1.6591525,1,g,F,5,T
68_2,fh,1.8085352,1,g,F,5,T
68_2,ft,1.0244282,1,g,F,5,T
68_2,mt,1.7742957,1,e,T,5,T
68_2,fh,1.3351778,0,e,F,5,T
68_2,ft,1.5296581,1,e,F,5,T
68_2,mh,1.9438066,1,e,F,5,F
68_2,ft,2.5579836,1,g,T,5,T
68_2,mt,1.8946486,0,g,F,5,T
68_2,mt,2.4863288,0,g,F,5,T
68_2,mh,2.6546859,0,g,F,5,T
68_2,fh,3.2725277,1,g,F,5,T
68_2,mt,1.0528554,1,e,T,5,F
68_2,fh,1.8593973,0,e,F,5,T
68_2,mt,1.7151877,1,e,F,5,T
68_2,fh,1.2317829,0,e,F,5,T
68_2,mt,2.3902978,0,g,T,5,T
68_2,mh,1.8713465,0,g,F,5,T
68_2,fh,1.2997298,1,g,F,5,T
68_2,mt,1.2241426,0,g,F,5,T
68_2,fh,1.1989996,0,e,T,5,T
68_2,mh,2.0224585,1,e,F,5,F
68_2,mh,1.2653189,0,e,F,5,T
68_2,mh,1.4844755,0,e,F,5,T
68_2,mh,1.6978829,0,e,F,5,T
68_2,ft,2.5087186,1,e,F,5,T
68_2,fh,1.5802933,0,e,F,5,T
68_2,ft,1.4236871,1,e,F,5,T
68_2,mh,1.3205872,0,g,T,5,T
68_2,mt,4.010105,0,g,F,5,T
68_2,mt,0.8602822,0,g,F,5,T
68_2,mh,0.9966637,0,g,F,5,T
68_2,mh,0.9625176,0,g,F,5,T
68_2,mh,1.1915286,0,g,F,5,T
68_2,ft,1.4825823,1,e,T,5,T
68_2,mh,0.9981377,0,e,F,5,T
68_2,mh,0.9386191,0,e,F,5,T
68_2,mh,7.0174349,1,e,F,5,F
68_2,fh,1.1520336,1,g,T,5,T
68_2,mh,1.2997176,0,g,F,5,T
68_2,fh,1.0718054,1,g,F,5,T
68_2,ft,1.5901808,1,g,F,5,T
68_2,mt,2.822727,0,e,T,5,F
68_2,mt,1.868206,1,e,F,5,T
68_2,fh,1.2127034,0,e,F,5,T
68_2,fh,1.110962,0,e,F,5,T
68_2,mt,1.2388309,0,e,F,5,F
68_2,mt,1.7796959,1,e,F,5,T
68_2,ft,2.1314465,1,e,F,5,T
68_2,fh,1.1306103,0,e,F,5,T
68_2,ft,0.9296303,1,e,F,5,T
68_2,mt,1.5023312,0,g,T,5,T
68_2,fh,0.5500379,1,g,F,5,T
68_2,fh,1.0051812,1,g,F,5,T
68_2,mh,0.7120328,0,g,F,5,T
68_2,fh,1.5209447,0,e,T,5,T
68_2,mt,1.4018874,1,e,F,6,T
68_2,mt,1.3024376,1,e,F,6,T
68_2,fh,1.5030261,0,e,F,6,T
68_2,fh,1.2172388,0,e,F,6,T
68_2,mh,1.1906659,0,g,T,6,T
68_2,fh,0.9400202,1,g,F,6,T
68_2,mh,1.0390958,0,g,F,6,T
68_2,mt,1.3723285,0,g,F,6,T
68_2,ft,1.2311498,1,g,F,6,T
68_2,fh,1.8411429,1,g,F,6,T
68_2,ft,1.1125167,1,g,F,6,T
68_2,mt,1.8094784,1,e,T,6,T
68_2,mt,1.0712581,1,e,F,6,T
68_2,fh,1.5264579,0,e,F,6,T
68_2,mt,1.129725,1,e,F,6,T
68_2,ft,0.9951609,1,g,T,6,T
68_2,ft,1.0359379,1,g,F,6,T
68_2,mt,2.0003667,0,g,F,6,T
68_2,mt,1.0180581,0,g,F,6,T
68_2,ft,1.658516,1,e,T,6,T
68_2,mh,1.3879053,1,e,F,6,F
68_2,ft,1.6651899,1,e,F,6,T
68_2,mt,1.4248141,1,e,F,6,T
68_2,ft,1.3447329,1,e,F,6,T
68_2,mh,0.8296429,0,e,F,6,T
68_2,ft,1.3419687,1,g,T,6,T
68_2,ft,2.129642,1,g,F,6,T
68_2,mh,1.4628184,1,g,F,6,F
68_2,fh,1.0481762,1,g,F,6,T
68_2,fh,1.0247238,1,g,F,6,T
68_2,mh,2.4118811,0,e,T,6,T
68_2,mh,1.8250825,0,e,F,6,T
68_2,fh,3.0298529,0,e,F,6,T
68_2,ft,2.0642411,1,e,F,6,T
68_2,mt,1.7376453,0,g,T,6,T
68_2,mt,1.2950866,0,g,F,6,T
68_2,ft,1.2911072,1,g,F,6,T
68_2,fh,5.190969,1,g,F,6,T
68_2,mt,2.0359126,0,g,F,6,T
68_2,ft,2.2450777,1,e,T,6,T
68_2,mh,1.1051335,0,e,F,6,T
68_2,ft,6.5086467,1,e,F,6,T
68_2,mt,1.5175161,1,e,F,6,T
68_2,fh,0.93794,1,g,T,6,T
68_2,ft,1.1598239,1,g,F,6,T
68_2,ft,0.9136406,1,g,F,6,T
68_2,ft,0.9004994,1,g,F,6,T
68_2,ft,0.8187921,1,g,F,6,T
68_2,mh,1.6685631,0,e,T,6,T
68_2,fh,2.3531207,0,e,F,6,T
68_2,mt,0.9559427,1,e,F,6,T
68_2,ft,0.8680032,1,e,F,6,T
68_2,mh,3.5393519,1,e,F,6,F
68_2,fh,0.6697646,1,g,T,6,T
68_2,ft,1.8076093,1,g,F,6,T
68_2,mt,1.5822978,0,g,F,6,T
68_2,mh,0.9322668,0,g,F,6,T
68_2,ft,1.5685337,1,e,T,6,T
68_2,mh,1.5848306,0,e,F,6,T
68_2,fh,3.591233,0,e,F,6,T
68_2,mt,1.3341127,1,e,F,6,T
68_2,ft,1.1630332,1,g,T,6,T
68_2,ft,2.383583,1,g,F,6,T
68_2,fh,1.0039837,1,g,F,6,T
68_2,fh,1.7270964,0,g,F,6,F
69_2,mt,0.7020631,1,e,F,1,T
69_2,ft,0.6049748,1,e,F,1,T
69_2,mt,0.7219062,1,e,F,1,T
69_2,mh,0.4615972,0,e,F,1,T
69_2,mh,0.8376015,0,e,F,1,T
69_2,mt,0.6609649,1,e,F,1,T
69_2,mh,1.0466945,1,e,F,1,F
69_2,fh,1.5400228,1,e,F,1,F
69_2,mt,1.4208034,0,e,F,1,F
69_2,ft,1.9592213,1,e,F,1,T
69_2,mh,3.10979,1,e,F,1,F
69_2,ft,0.7757439,0,e,F,1,F
69_2,fh,2.9120221,0,e,F,1,T
69_2,ft,0.7813735,1,e,F,1,T
69_2,fh,0.7164077,0,e,F,1,T
69_2,fh,0.8049839,0,e,F,1,T
69_2,mh,0.6268828,0,e,F,1,T
69_2,mt,0.6387199,1,e,F,1,T
69_2,ft,0.8577967,1,e,F,1,T
69_2,fh,0.7577811,0,e,F,1,T
69_2,fh,0.8548636,1,g,F,2,T
69_2,fh,0.6338762,1,g,F,2,T
69_2,mh,0.6937568,0,g,F,2,T
69_2,mh,1.0139882,0,g,F,2,T
69_2,mt,0.7151626,0,g,F,2,T
69_2,mt,1.3143971,0,g,F,2,T
69_2,mh,0.9399017,0,g,F,2,T
69_2,mt,0.5803815,0,g,F,2,T
69_2,fh,0.5445614,1,g,F,2,T
69_2,ft,0.644776,1,g,F,2,T
69_2,mh,0.8261638,0,g,F,2,T
69_2,ft,2.1523609,1,g,F,2,T
69_2,mh,1.3654878,1,g,F,2,F
69_2,ft,1.0018634,0,g,F,2,F
69_2,fh,0.8523543,0,g,F,2,F
69_2,ft,0.595735,0,g,F,2,F
69_2,fh,1.0319946,0,g,F,2,F
69_2,mt,0.5349592,1,g,F,2,F
69_2,mt,0.6767659,1,g,F,2,F
69_2,ft,0.7128388,0,g,F,2,F
69_2,mh,2.077689,0,g,F,3,F
69_2,fh,2.0320338,1,g,F,3,T
69_2,mt,2.7217031,0,g,F,3,T
69_2,ft,1.7352414,1,e,T,3,T
69_2,mh,2.3133513,0,e,F,3,T
69_2,mh,1.4339548,0,e,F,3,T
69_2,ft,2.355643,1,e,F,3,T
69_2,mh,1.7958674,0,g,T,3,T
69_2,fh,1.2324478,1,g,F,3,F
69_2,mh,3.5398606,0,g,F,3,F
69_2,mt,2.0046532,0,g,F,3,T
69_2,mh,1.3593775,0,g,F,3,T
69_2,mt,1.2064579,0,g,F,3,T
69_2,fh,0.7089766,1,g,F,3,T
69_2,mh,0.6600942,0,g,F,3,T
69_2,ft,2.2454493,1,e,T,3,T
69_2,mh,1.3960435,0,e,F,3,T
69_2,fh,2.8684108,0,e,F,3,T
69_2,fh,0.8380908,0,e,F,3,T
69_2,mh,3.1418714,0,g,T,3,T
69_2,mh,2.7631654,1,g,F,3,F
69_2,mt,0.6537322,0,g,F,3,T
69_2,mt,1.6983038,0,g,F,3,T
69_2,mh,0.8061806,0,g,F,3,T
69_2,fh,1.6692936,1,e,T,3,F
69_2,fh,1.2207832,1,e,F,3,F
69_2,ft,3.0766851,1,e,F,3,T
69_2,fh,2.0029671,1,e,F,3,F
69_2,mt,3.5212773,0,g,T,3,T
69_2,mh,1.3508808,0,g,F,3,T
69_2,mh,0.8528569,0,g,F,3,T
69_2,fh,1.1552941,1,g,F,3,T
69_2,mt,0.8268588,0,g,F,3,T
69_2,fh,0.8417315,1,g,F,3,T
69_2,mt,3.6650842,1,e,T,3,T
69_2,fh,0.7823405,0,e,F,3,T
69_2,ft,0.8242375,1,e,F,3,T
69_2,fh,1.8279121,0,e,F,3,T
69_2,mh,2.9247369,1,g,T,3,F
69_2,mt,0.7534318,1,g,F,3,F
69_2,mt,0.8011208,1,g,F,3,F
69_2,fh,0.748264,0,g,F,3,F
69_2,mh,3.5013395,0,e,T,3,T
69_2,ft,6.2413935,0,e,F,3,F
69_2,mh,0.9657241,0,e,F,3,T
69_2,ft,0.9608997,1,e,F,3,T
69_2,fh,0.8106077,0,e,F,3,T
69_2,mt,4.7559509,0,g,T,3,T
69_2,ft,0.6859708,1,g,F,3,T
69_2,ft,0.8344347,1,g,F,3,T
69_2,fh,1.0378032,1,g,F,3,T
69_2,mh,2.1128692,0,e,T,3,T
69_2,mh,1.7088901,0,e,F,4,T
69_2,mt,1.8719507,0,e,F,4,F
69_2,ft,3.2100889,1,e,F,4,T
69_2,mh,2.1858508,0,g,T,4,T
69_2,fh,8.082748,0,g,F,4,F
69_2,mh,3.8223814,0,g,F,4,T
69_2,mh,2.6073219,0,g,F,4,T
69_2,fh,0.928317,1,g,F,4,T
69_2,mh,1.0065342,0,g,F,4,T
69_2,mt,1.315826,0,g,F,4,T
69_2,ft,4.1235053,1,e,T,4,T
69_2,mh,1.2013042,0,e,F,4,T
69_2,mt,0.7039249,1,e,F,4,T
69_2,mt,1.1286738,1,e,F,4,T
69_2,ft,1.0957623,0,e,F,4,F
69_2,ft,4.8881399,1,e,F,4,T
69_2,mt,2.2683457,0,g,T,4,T
69_2,fh,1.4417649,1,g,F,4,T
69_2,fh,2.1883506,1,g,F,4,F
69_2,ft,1.8104472,1,g,F,4,F
69_2,mh,1.908379,0,e,T,4,F
69_2,mh,4.166408,1,e,F,4,F
69_2,mt,1.3272181,0,e,F,4,F
69_2,mh,2.4872569,0,e,F,4,T
69_2,mt,2.9378135,0,e,F,4,F
69_2,ft,3.2142137,1,g,T,4,T
69_2,mt,1.1682902,0,g,F,4,T
69_2,ft,0.7019929,1,g,F,4,T
69_2,ft,0.7370973,1,g,F,4,T
69_2,mt,3.9182243,1,e,T,4,T
69_2,ft,1.3958035,1,e,F,4,T
69_2,fh,0.5548272,0,e,F,4,T
69_2,mt,1.3730256,1,e,F,4,T
69_2,fh,2.1168726,0,g,T,4,F
69_2,fh,0.9715362,0,g,F,4,F
69_2,mh,0.9728588,0,g,F,4,T
69_2,mh,1.0017216,0,g,F,4,T
69_2,mt,1.6932314,0,g,F,4,T
69_2,ft,0.6398272,1,g,F,4,T
69_2,mt,1.512175,0,g,F,4,T
69_2,fh,0.8222435,1,g,F,4,T
69_2,mt,3.0814886,0,e,T,4,F
69_2,mt,0.9031827,0,e,F,4,F
69_2,ft,1.3267496,1,e,F,4,T
69_2,ft,2.1242845,1,e,F,4,T
69_2,mt,3.5236402,0,g,T,4,T
69_2,fh,1.1715733,1,g,F,4,T
69_2,fh,1.0588255,1,g,F,4,T
69_2,ft,0.9612036,1,g,F,4,T
69_2,mt,0.7793084,0,e,T,4,F
69_2,mt,2.2421923,0,e,F,4,F
69_2,mh,1.3045843,0,e,F,4,T
69_2,fh,1.0240216,0,e,F,4,T
69_2,mt,0.8302891,1,e,F,4,T
69_2,fh,2.2489369,0,e,F,4,T
69_2,ft,0.7610918,1,e,F,4,T
69_2,mh,1.6862924,0,e,F,4,T
69_2,ft,3.5849983,0,g,T,4,F
69_2,mh,1.791414,1,g,F,4,F
69_2,ft,1.5068105,1,g,F,4,T
69_2,ft,0.9951358,1,g,F,4,T
69_2,fh,0.9014974,1,g,F,4,T
69_2,mt,0.7848594,0,g,F,4,T
69_2,fh,1.5636169,1,g,F,4,T
69_2,mh,1.9277132,1,e,T,4,F
69_2,mh,3.8681156,0,e,F,5,T
69_2,mt,1.3928373,1,e,F,5,T
69_2,mh,3.5098207,0,e,F,5,T
69_2,ft,1.4570648,1,g,T,5,T
69_2,ft,1.2578921,1,g,F,5,T
69_2,mh,3.6153892,0,g,F,5,T
69_2,ft,1.4958281,1,g,F,5,T
69_2,mh,3.2151228,0,e,T,5,T
69_2,fh,2.4287058,0,e,F,5,T
69_2,mh,0.7011786,0,e,F,5,T
69_2,ft,1.6948748,0,e,F,5,F
69_2,ft,5.3437006,1,e,F,5,F
69_2,mt,3.0287789,1,g,T,5,F
69_2,mh,3.3627209,0,g,F,5,T
69_2,fh,2.5034433,1,g,F,5,T
69_2,mt,1.9007502,0,g,F,5,T
69_2,fh,1.4454332,0,e,T,5,T
69_2,ft,1.3894147,1,e,F,5,T
69_2,mt,3.3138865,0,e,F,5,F
69_2,mh,1.1183591,0,e,F,5,F
69_2,ft,9.4496289,1,g,T,5,T
69_2,mh,2.5005103,0,g,F,5,T
69_2,mh,0.6831668,0,g,F,5,T
69_2,mh,2.0437898,0,g,F,5,T
69_2,fh,0.9569613,1,g,F,5,T
69_2,ft,0.805261,1,g,F,5,T
69_2,mt,2.4620924,0,e,T,5,F
69_2,mh,1.6414417,1,e,F,5,F
69_2,fh,1.8477033,0,e,F,5,T
69_2,fh,1.7528275,0,e,F,5,T
69_2,mt,3.0903773,0,g,T,5,T
69_2,mt,1.2501455,0,g,F,5,T
69_2,mh,1.5691978,0,g,F,5,T
69_2,mh,0.7007849,0,g,F,5,T
69_2,ft,2.3037499,1,e,T,5,T
69_2,ft,2.9429362,0,e,F,5,F
69_2,ft,5.210149,0,e,F,5,F
69_2,mh,1.9636894,1,e,F,5,F
69_2,mt,1.6750719,0,e,F,5,F
69_2,ft,4.1840301,1,g,T,5,T
69_2,ft,3.8723723,1,g,F,5,T
69_2,fh,1.9607632,1,g,F,5,T
69_2,mt,2.010064,0,g,F,5,T
69_2,fh,2.5300166,0,e,T,5,T
69_2,mt,0.8150307,1,e,F,5,T
69_2,fh,1.9135081,0,e,F,5,T
69_2,mt,1.0072505,1,e,F,5,T
69_2,ft,3.6210098,1,g,T,5,T
69_2,ft,0.7675668,1,g,F,5,T
69_2,mh,0.6988362,0,g,F,5,T
69_2,mt,0.7904313,0,g,F,5,T
69_2,fh,0.6532919,1,g,F,5,T
69_2,mt,2.464784,0,e,T,5,F
69_2,ft,1.3568565,1,e,F,6,T
69_2,mt,2.035048,1,e,F,6,T
69_2,fh,1.3775737,0,e,F,6,T
69_2,mt,0.8720594,1,e,F,6,T
69_2,fh,1.3500827,1,g,T,6,T
69_2,ft,2.0956774,1,g,F,6,T
69_2,mh,1.3896759,0,g,F,6,T
69_2,mt,1.8481493,0,g,F,6,T
69_2,fh,1.455478,0,e,T,6,T
69_2,fh,1.5875189,1,e,F,6,F
69_2,mt,2.5863558,1,e,F,6,T
69_2,ft,5.037953,0,e,F,6,F
69_2,mh,3.4930448,1,e,F,6,F
69_2,fh,2.1615459,1,g,T,6,T
69_2,ft,1.0958344,1,g,F,6,T
69_2,fh,0.658557,1,g,F,6,T
69_2,mh,0.779102,0,g,F,6,T
69_2,fh,4.9969316,1,e,T,6,F
69_2,mt,1.1139057,1,e,F,6,T
69_2,fh,0.7728316,0,e,F,6,T
69_2,fh,1.9442698,0,e,F,6,T
69_2,mh,0.7778741,0,e,F,6,T
69_2,fh,2.5925617,1,g,T,6,T
69_2,mh,1.9918563,0,g,F,6,T
69_2,ft,1.9901039,1,g,F,6,T
69_2,fh,3.0894739,1,g,F,6,T
69_2,ft,1.2078193,1,g,F,6,T
69_2,fh,0.9362805,1,g,F,6,T
69_2,ft,1.5451377,1,g,F,6,T
69_2,mt,1.0846375,0,g,F,6,T
69_2,ft,6.2885829,1,e,T,6,T
69_2,ft,2.2922011,1,e,F,6,T
69_2,fh,1.4603834,0,e,F,6,T
69_2,fh,2.0969571,0,e,F,6,T
69_2,mh,2.449264,0,g,T,6,T
69_2,fh,2.0827026,0,g,F,6,F
69_2,fh,0.9058922,0,g,F,6,F
69_2,mh,0.2736627,1,g,F,6,F
69_2,ft,1.8822324,1,e,T,6,T
69_2,mh,0.9747539,0,e,F,6,T
69_2,fh,2.9677805,0,e,F,6,T
69_2,mt,3.8980913,0,e,F,6,F
69_2,mt,1.8470787,1,e,F,6,T
69_2,ft,3.3694795,1,e,F,6,T
69_2,fh,1.686136,0,e,F,6,T
69_2,mt,1.7911423,1,e,F,6,T
69_2,ft,2.2447546,1,e,F,6,T
69_2,mh,2.6313059,0,g,T,6,T
69_2,mt,1.9011866,0,g,F,6,T
69_2,mh,1.1612335,0,g,F,6,T
69_2,ft,0.7417464,1,g,F,6,T
69_2,mh,0.8410882,0,e,T,6,F
69_2,ft,2.6079964,1,e,F,6,T
69_2,ft,0.8032045,1,e,F,6,T
69_2,mh,1.7084481,0,e,F,6,T
69_2,fh,2.1679996,1,g,T,6,T
69_2,ft,0.9595194,1,g,F,6,T
69_2,mt,0.8850922,0,g,F,6,T
69_2,mt,0.7031231,0,g,F,6,T
69_2,mh,1.4930578,0,g,F,6,T
69_2,fh,1.8828781,0,e,T,6,T
69_2,mt,1.4595416,1,e,F,6,T
69_2,mh,1.8598632,0,e,F,6,T
69_2,mh,0.9149245,0,e,F,6,T
69_2,mt,1.0123051,1,e,F,6,T
69_2,mt,1.785697,1,e,F,6,T
69_2,fh,1.661412,1,g,T,6,T
69_2,ft,1.9538422,0,g,F,6,F
69_2,ft,0.9484967,1,g,F,6,T
69_2,mh,1.7482948,1,g,F,6,F
71_2,fh,0.9442389,0,e,F,1,T
71_2,mt,0.8158028,1,e,F,1,T
71_2,mt,0.6600182,1,e,F,1,T
71_2,fh,0.906081,0,e,F,1,T
71_2,mh,0.8842661,0,e,F,1,T
71_2,ft,1.3930536,1,e,F,1,T
71_2,fh,1.6449087,1,e,F,1,F
71_2,mh,1.269377,0,e,F,1,T
71_2,mh,2.0225349,0,e,F,1,T
71_2,mt,1.2699638,1,e,F,1,T
71_2,mt,1.6106106,1,e,F,1,T
71_2,ft,2.3828886,1,e,F,1,T
71_2,mh,1.7861488,0,e,F,1,T
71_2,mh,1.9623259,0,e,F,1,T
71_2,mt,2.8131507,0,e,F,1,F
71_2,ft,1.5916458,1,e,F,1,T
71_2,fh,1.4751411,0,e,F,1,T
71_2,ft,2.4494035,1,e,F,1,T
71_2,ft,1.2428001,1,e,F,1,T
71_2,fh,1.1972926,0,e,F,1,T
71_2,fh,0.7104297,1,g,F,2,T
71_2,ft,1.045985,1,g,F,2,T
71_2,mh,1.6327449,0,g,F,2,T
71_2,mh,1.3451828,0,g,F,2,T
71_2,mh,1.1284365,0,g,F,2,T
71_2,fh,0.9126042,1,g,F,2,T
71_2,mt,1.2921455,1,g,F,2,F
71_2,ft,1.2901174,1,g,F,2,T
71_2,fh,0.9008077,1,g,F,2,T
71_2,mt,1.8693758,1,g,F,2,F
71_2,fh,1.0466315,1,g,F,2,T
71_2,mt,0.9181,0,g,F,2,T
71_2,mh,1.0219768,0,g,F,2,T
71_2,ft,1.7885219,1,g,F,2,T
71_2,mh,1.7997012,1,g,F,2,F
71_2,mt,0.9180386,0,g,F,2,T
71_2,fh,2.2236897,1,g,F,2,T
71_2,ft,1.8053375,1,g,F,2,T
71_2,mt,1.4375235,0,g,F,2,T
71_2,ft,1.4700481,1,g,F,2,T
71_2,fh,2.7857921,0,e,F,3,T
71_2,fh,1.3996062,0,e,F,3,T
71_2,mh,1.3020743,0,e,F,3,T
71_2,fh,2.0988154,1,g,T,3,T
71_2,mt,2.053183,1,g,F,3,F
71_2,fh,3.8399853,1,g,F,3,T
71_2,mh,1.3447433,0,g,F,3,T
71_2,mh,2.5713228,1,g,F,3,F
71_2,mt,2.0599956,0,g,F,3,T
71_2,fh,3.0476404,0,e,T,3,T
71_2,mt,1.8918955,0,e,F,3,F
71_2,fh,3.2563442,0,e,F,3,F
71_2,ft,3.1891743,1,e,F,3,T
71_2,mt,2.8669867,1,e,F,3,T
71_2,ft,3.1161968,1,e,F,3,T
71_2,mt,3.229752,0,g,T,3,T
71_2,ft,1.1995353,1,g,F,3,T
71_2,mt,1.4194947,0,g,F,3,T
71_2,mh,2.1587896,0,g,F,3,F
71_2,fh,1.7816668,0,e,T,3,T
71_2,mh,1.2062356,0,e,F,3,T
71_2,mh,1.3788732,0,e,F,3,T
71_2,mh,1.4233585,0,e,F,3,T
71_2,fh,1.7972324,1,g,T,3,T
71_2,fh,1.450273,1,g,F,3,T
71_2,fh,1.9679775,1,g,F,3,T
71_2,fh,1.7038028,1,g,F,3,T
71_2,fh,2.4081847,1,g,F,3,T
71_2,mh,2.3753669,0,e,T,3,T
71_2,mt,2.117545,1,e,F,3,T
71_2,ft,1.0215686,1,e,F,3,T
71_2,mt,1.5597128,1,e,F,3,T
71_2,fh,2.6775056,1,g,T,3,T
71_2,mh,1.1990246,0,g,F,3,T
71_2,mh,1.4743134,0,g,F,3,T
71_2,fh,1.3291458,1,g,F,3,T
71_2,mh,1.8210954,0,e,T,3,T
71_2,mh,1.4576936,0,e,F,3,T
71_2,ft,1.8606597,1,e,F,3,F
71_2,mh,1.7135857,0,e,F,3,T
71_2,fh,1.6923688,0,e,F,3,T
71_2,mh,1.8880485,0,e,F,3,T
71_2,ft,2.2362656,1,g,T,3,T
71_2,ft,0.9805857,1,g,F,3,T
71_2,fh,2.8930357,1,g,F,3,T
71_2,mt,4.2597788,0,g,F,3,F
71_2,ft,3.3747526,1,e,T,3,T
71_2,mt,2.8981168,0,e,F,3,F
71_2,mt,2.4052819,1,e,F,3,F
71_2,fh,3.1929953,1,e,F,3,F
71_2,mt,2.8268382,1,g,T,3,F
71_2,fh,1.424526,1,g,F,4,T
71_2,fh,1.379493,1,g,F,4,T
71_2,mt,1.0772141,0,g,F,4,T
71_2,mt,1.4053994,0,g,F,4,T
71_2,fh,1.1260176,1,g,F,4,T
71_2,mt,1.3326336,0,g,F,4,T
71_2,fh,2.2460131,0,e,T,4,T
71_2,mt,2.3569221,0,e,F,4,F
71_2,fh,3.103957,1,e,F,4,F
71_2,fh,3.0778939,0,e,F,4,T
71_2,fh,1.1951451,0,e,F,4,T
71_2,mh,1.6560554,0,e,F,4,T
71_2,ft,1.9459032,1,g,T,4,T
71_2,fh,1.9820608,1,g,F,4,T
71_2,fh,1.1114903,1,g,F,4,T
71_2,mt,2.892079,0,g,F,4,T
71_2,fh,2.1712602,1,e,T,4,F
71_2,fh,1.5324371,0,e,F,4,T
71_2,mh,2.0784469,0,e,F,4,T
71_2,fh,2.3576311,0,e,F,4,T
71_2,mt,2.2232395,0,g,T,4,T
71_2,mt,2.1077857,1,g,F,4,F
71_2,fh,5.6434403,1,g,F,4,T
71_2,mt,1.8620951,0,g,F,4,F
71_2,fh,2.1003403,1,g,F,4,T
71_2,mh,2.1054364,0,g,F,4,F
71_2,ft,1.529357,1,g,F,4,F
71_2,mh,2.4977584,0,e,T,4,T
71_2,ft,1.8796183,1,e,F,4,T
71_2,fh,1.5918589,0,e,F,4,T
71_2,ft,2.1428642,1,e,F,4,T
71_2,mh,2.2448155,0,g,T,4,T
71_2,mt,1.3433859,0,g,F,4,T
71_2,fh,1.7966039,1,g,F,4,T
71_2,mh,1.9118856,1,g,F,4,F
71_2,ft,3.3663101,1,e,T,4,T
71_2,mh,3.0781965,0,e,F,4,T
71_2,mh,1.0116781,0,e,F,4,T
71_2,ft,4.1527836,1,e,F,4,T
71_2,mt,2.5521458,0,e,F,4,F
71_2,mt,2.7507135,1,e,F,4,T
71_2,ft,1.3536254,1,e,F,4,T
71_2,ft,1.4605549,1,e,F,4,T
71_2,mh,1.5304912,0,g,T,4,T
71_2,ft,1.268396,1,g,F,4,T
71_2,mh,1.2823199,0,g,F,4,T
71_2,mh,1.2771562,0,g,F,4,T
71_2,ft,2.2794362,1,e,T,4,T
71_2,fh,1.638316,0,e,F,4,T
71_2,fh,1.8303416,0,e,F,4,T
71_2,mt,1.643349,1,e,F,4,T
71_2,ft,2.6639336,1,g,T,4,T
71_2,fh,1.1886546,1,g,F,4,T
71_2,fh,1.9868908,1,g,F,4,T
71_2,mt,1.110241,0,g,F,4,T
71_2,mt,1.763239,0,g,F,4,T
71_2,mt,2.0173941,1,g,F,4,F
71_2,mh,2.5653728,1,g,F,4,F
71_2,fh,2.061291,0,e,T,4,T
71_2,fh,1.4142133,0,e,F,4,T
71_2,mt,1.9865107,1,e,F,4,T
71_2,fh,1.3383726,0,e,F,4,T
71_2,mh,2.1322172,1,g,T,4,F
71_2,fh,2.5634334,0,g,F,5,F
71_2,mt,1.6608788,0,g,F,5,T
71_2,fh,2.0315464,1,g,F,5,T
71_2,mt,1.3549982,0,e,T,5,F
71_2,mt,2.3403519,1,e,F,5,T
71_2,mh,1.5060045,0,e,F,5,T
71_2,ft,1.5126935,1,e,F,5,T
71_2,mh,1.7322301,0,e,F,5,T
71_2,fh,1.6133556,1,g,T,5,T
71_2,mt,1.2280439,0,g,F,5,T
71_2,mh,1.8217961,0,g,F,5,T
71_2,ft,1.4142328,1,g,F,5,T
71_2,mh,1.916535,0,e,T,5,T
71_2,ft,0.9766604,1,e,F,5,T
71_2,mt,1.9062402,0,e,F,5,F
71_2,fh,1.6000699,0,e,F,5,T
71_2,mh,1.5732897,0,g,T,5,T
71_2,ft,1.1443913,1,g,F,5,T
71_2,mh,2.5028526,1,g,F,5,F
71_2,mh,1.7957848,0,g,F,5,T
71_2,ft,2.8036025,0,g,F,5,F
71_2,fh,1.7484966,1,g,F,5,T
71_2,mh,1.8114495,0,e,T,5,T
71_2,mh,1.3325687,0,e,F,5,T
71_2,mh,1.0803304,0,e,F,5,T
71_2,mt,1.3112819,1,e,F,5,T
71_2,ft,1.3846201,1,g,T,5,T
71_2,fh,1.6425519,1,g,F,5,T
71_2,mh,1.3327883,1,g,F,5,F
71_2,fh,2.0526339,1,g,F,5,T
71_2,mt,1.7656343,1,e,T,5,T
71_2,ft,0.9909008,1,e,F,5,T
71_2,mh,1.1092647,1,e,F,5,F
71_2,mt,1.9829573,1,e,F,5,T
71_2,mt,1.5060755,1,e,F,5,T
71_2,mt,1.506197,1,e,F,5,T
71_2,fh,1.6474321,0,e,F,5,T
71_2,mt,1.0700268,1,e,F,5,T
71_2,fh,2.0123522,1,g,T,5,T
71_2,ft,1.9283128,1,g,F,5,T
71_2,fh,1.3907608,1,g,F,5,T
71_2,fh,1.5585628,1,g,F,5,T
71_2,mt,1.9697338,0,e,T,5,F
71_2,mt,2.7398891,1,e,F,5,T
71_2,fh,1.5476701,0,e,F,5,T
71_2,fh,1.7366345,0,e,F,5,T
71_2,mh,2.4730058,0,g,T,5,T
71_2,ft,1.6923731,1,g,F,5,T
71_2,mt,2.0421125,1,g,F,5,F
71_2,fh,2.4382867,1,g,F,5,T
71_2,ft,1.2172428,1,g,F,5,T
71_2,ft,1.4842825,1,g,F,5,T
71_2,mt,2.2143749,1,e,T,5,T
71_2,mh,1.7330749,0,e,F,5,T
71_2,ft,3.4123486,1,e,F,5,T
71_2,mt,1.8347023,1,e,F,5,T
71_2,mh,2.2425709,0,e,F,5,F
71_2,mt,1.3108303,1,e,F,5,T
71_2,fh,1.2857987,1,g,T,5,T
71_2,mh,1.7410627,0,g,F,6,T
71_2,ft,1.753101,1,g,F,6,T
71_2,ft,1.6422547,1,g,F,6,T
71_2,mt,3.235234,1,e,T,6,T
71_2,mt,1.4855638,1,e,F,6,T
71_2,ft,2.1722226,1,e,F,6,T
71_2,ft,2.2218395,1,e,F,6,T
71_2,fh,1.8648702,0,e,F,6,T
71_2,mh,0.8163509,0,e,F,6,T
71_2,ft,1.5960078,1,g,T,6,T
71_2,fh,1.4348708,1,g,F,6,T
71_2,mt,3.069521,1,g,F,6,F
71_2,mh,1.9304202,0,g,F,6,T
71_2,fh,1.4477396,0,e,T,6,T
71_2,mh,1.1979704,0,e,F,6,T
71_2,mt,1.9308399,0,e,F,6,F
71_2,mt,2.5585727,0,e,F,6,F
71_2,ft,1.4848539,1,g,T,6,T
71_2,mh,2.0827285,0,g,F,6,T
71_2,mt,1.5068872,0,g,F,6,T
71_2,mt,2.1551194,0,g,F,6,T
71_2,mh,2.445216,0,g,F,6,T
71_2,mh,2.1127189,0,g,F,6,T
71_2,ft,1.9166492,1,e,T,6,T
71_2,ft,1.5220848,1,e,F,6,T
71_2,mh,2.1435391,0,e,F,6,T
71_2,fh,1.189419,0,e,F,6,T
71_2,mt,2.9468958,1,g,T,6,F
71_2,mh,1.8052184,0,g,F,6,T
71_2,fh,2.5119727,1,g,F,6,T
71_2,mt,3.2406092,1,g,F,6,F
71_2,ft,2.4223754,1,e,T,6,T
71_2,mh,1.582702,0,e,F,6,T
71_2,mh,1.598805,0,e,F,6,T
71_2,mh,1.6928463,0,e,F,6,T
71_2,fh,2.7165751,0,e,F,6,T
71_2,ft,2.0038023,0,e,F,6,F
71_2,mh,1.4259831,1,g,T,6,F
71_2,mt,1.167339,0,g,F,6,T
71_2,ft,1.3631097,1,g,F,6,T
71_2,mh,2.1145594,0,g,F,6,F
71_2,mh,2.8099354,0,g,F,6,F
71_2,mh,1.387279,0,g,F,6,T
71_2,ft,1.2320691,1,g,F,6,T
71_2,mt,1.1498917,0,e,T,6,F
71_2,fh,2.1190773,0,e,F,6,F
71_2,ft,2.9919262,1,e,F,6,T
71_2,ft,1.2587369,1,e,F,6,T
71_2,mt,1.5672586,0,g,T,6,T
71_2,mt,1.6856174,0,g,F,6,T
71_2,ft,1.3786042,1,g,F,6,T
71_2,mt,1.6345866,0,g,F,6,T
71_2,ft,1.8811057,1,e,T,6,T
71_2,fh,1.5816019,0,e,F,6,T
71_2,ft,1.3845937,0,e,F,6,F
71_2,mt,1.4746639,1,e,F,6,T
71_2,ft,1.3759878,1,e,F,6,T
71_2,mh,1.1585807,0,e,F,6,T
71_2,ft,1.5463959,0,e,F,6,F
71_2,mt,2.1502187,0,g,T,6,T
71_2,fh,1.138471,1,g,F,6,T
71_2,ft,1.4628819,1,g,F,6,T
71_2,ft,2.2882817,1,g,F,6,T
71_2,mh,2.4810394,0,e,T,6,T
71_2,mh,2.6101889,0,e,F,6,T
71_2,mh,1.4083505,0,e,F,6,T
71_2,mt,2.2114801,1,e,F,6,T